"No.","Time","Source","Destination","Protocol","Length","TCP Segment Len","Info"
"1","0.000000","73.85.80.81","192.168.0.8","UDP","79","","6881  >  54222 Len=37"
"2","0.000000","73.85.80.81","192.168.0.8","UDP","62","","6881  >  54222 Len=20"
"3","0.000000","73.85.80.81","192.168.0.8","UDP","62","","6881  >  54222 Len=20"
"4","0.000000","73.85.80.81","192.168.0.8","UDP","62","","6881  >  54222 Len=20"
"5","0.000000","73.85.80.81","192.168.0.8","UDP","62","","6881  >  54222 Len=20"
"6","0.000193","73.85.80.81","192.168.0.8","UDP","62","","6881  >  54222 Len=20"
"7","0.000494","192.168.0.8","73.85.80.81","IPv4","1490","","Fragmented IP protocol (proto=UDP 17, off=0, ID=7db4) [Reassembled in #8]"
"8","0.000494","192.168.0.8","73.85.80.81","UDP","58","","54222  >  6881 Len=1472"
"9","0.000636","192.168.0.8","73.85.80.81","IPv4","1490","","Fragmented IP protocol (proto=UDP 17, off=0, ID=7db6) [Reassembled in #10]"
"10","0.000636","192.168.0.8","73.85.80.81","UDP","58","","54222  >  6881 Len=1472"
"11","0.000681","192.168.0.8","73.85.80.81","IPv4","1490","","Fragmented IP protocol (proto=UDP 17, off=0, ID=7db8) [Reassembled in #12]"
"12","0.000681","192.168.0.8","73.85.80.81","UDP","58","","54222  >  6881 Len=1472"
"13","0.000738","192.168.0.8","73.85.80.81","IPv4","1490","","Fragmented IP protocol (proto=UDP 17, off=0, ID=7dba) [Reassembled in #14]"
"14","0.000738","192.168.0.8","73.85.80.81","UDP","58","","54222  >  6881 Len=1472"
"15","0.000783","192.168.0.8","73.85.80.81","IPv4","1490","","Fragmented IP protocol (proto=UDP 17, off=0, ID=7dbc) [Reassembled in #16]"
"16","0.000783","192.168.0.8","73.85.80.81","UDP","58","","54222  >  6881 Len=1472"
"17","0.000819","192.168.0.8","73.85.80.81","IPv4","1490","","Fragmented IP protocol (proto=UDP 17, off=0, ID=7dbe) [Reassembled in #18]"
"18","0.000819","192.168.0.8","73.85.80.81","UDP","58","","54222  >  6881 Len=1472"
"19","0.001087","192.168.0.8","73.85.80.81","IPv4","1490","","Fragmented IP protocol (proto=UDP 17, off=0, ID=7dc0) [Reassembled in #20]"
"20","0.001087","192.168.0.8","73.85.80.81","UDP","58","","54222  >  6881 Len=1472"
"21","0.001156","192.168.0.8","73.85.80.81","IPv4","1490","","Fragmented IP protocol (proto=UDP 17, off=0, ID=7dc2) [Reassembled in #22]"
"22","0.001156","192.168.0.8","73.85.80.81","UDP","58","","54222  >  6881 Len=1472"
"23","0.001213","192.168.0.8","73.85.80.81","IPv4","1490","","Fragmented IP protocol (proto=UDP 17, off=0, ID=7dc4) [Reassembled in #24]"
"24","0.001213","192.168.0.8","73.85.80.81","UDP","58","","54222  >  6881 Len=1472"
"25","0.006612","73.85.80.81","192.168.0.8","UDP","62","","6881  >  54222 Len=20"
"26","0.006809","192.168.0.8","73.85.80.81","IPv4","1490","","Fragmented IP protocol (proto=UDP 17, off=0, ID=7dc6) [Reassembled in #27]"
"27","0.006809","192.168.0.8","73.85.80.81","UDP","58","","54222  >  6881 Len=1472"
"28","0.038632","73.85.80.81","192.168.0.8","UDP","62","","6881  >  54222 Len=20"
"29","0.039308","192.168.0.8","73.85.80.81","IPv4","1490","","Fragmented IP protocol (proto=UDP 17, off=0, ID=7dc8) [Reassembled in #30]"
"30","0.039308","192.168.0.8","73.85.80.81","UDP","58","","54222  >  6881 Len=1472"
"31","0.039486","192.168.0.8","73.85.80.81","IPv4","1490","","Fragmented IP protocol (proto=UDP 17, off=0, ID=7dca) [Reassembled in #32]"
"32","0.039486","192.168.0.8","73.85.80.81","UDP","58","","54222  >  6881 Len=1472"
"33","0.039618","192.168.0.8","73.85.80.81","IPv4","1490","","Fragmented IP protocol (proto=UDP 17, off=0, ID=7dcc) [Reassembled in #34]"
"34","0.039618","192.168.0.8","73.85.80.81","UDP","58","","54222  >  6881 Len=1472"
"35","0.067522","73.85.80.81","192.168.0.8","UDP","62","","6881  >  54222 Len=20"
"36","0.068148","192.168.0.8","73.85.80.81","IPv4","1490","","Fragmented IP protocol (proto=UDP 17, off=0, ID=7dce) [Reassembled in #37]"
"37","0.068148","192.168.0.8","73.85.80.81","UDP","58","","54222  >  6881 Len=1472"
"38","0.068267","192.168.0.8","73.85.80.81","IPv4","1490","","Fragmented IP protocol (proto=UDP 17, off=0, ID=7dd0) [Reassembled in #39]"
"39","0.068267","192.168.0.8","73.85.80.81","UDP","58","","54222  >  6881 Len=1472"
"40","0.068622","73.85.80.81","192.168.0.8","UDP","62","","6881  >  54222 Len=20"
"41","0.069223","192.168.0.8","73.85.80.81","IPv4","1490","","Fragmented IP protocol (proto=UDP 17, off=0, ID=7dd2) [Reassembled in #42]"
"42","0.069223","192.168.0.8","73.85.80.81","UDP","58","","54222  >  6881 Len=1472"
"43","0.237505","fe80::298a:74d2:dd2f:9634","ff02::16","ICMPv6","90","","Multicast Listener Report Message v2"
"44","0.238888","fe80::298a:74d2:dd2f:9634","ff02::16","ICMPv6","90","","Multicast Listener Report Message v2"
"45","0.268581","73.85.80.81","192.168.0.8","UDP","105","","6881  >  54222 Len=63"
"46","0.268782","192.168.0.8","73.85.80.81","IPv4","1490","","Fragmented IP protocol (proto=UDP 17, off=0, ID=7dd4) [Reassembled in #47]"
"47","0.268782","192.168.0.8","73.85.80.81","UDP","58","","54222  >  6881 Len=1472"
"48","0.268943","73.85.80.81","192.168.0.8","UDP","62","","6881  >  54222 Len=20"
"49","0.268943","73.85.80.81","192.168.0.8","UDP","62","","6881  >  54222 Len=20"
"50","0.268981","73.85.80.81","192.168.0.8","UDP","62","","6881  >  54222 Len=20"
"51","0.268981","73.85.80.81","192.168.0.8","UDP","62","","6881  >  54222 Len=20"
"52","0.269192","73.85.80.81","192.168.0.8","UDP","62","","6881  >  54222 Len=20"
"53","0.269204","192.168.0.8","73.85.80.81","IPv4","1490","","Fragmented IP protocol (proto=UDP 17, off=0, ID=7dd6) [Reassembled in #54]"
"54","0.269204","192.168.0.8","73.85.80.81","UDP","58","","54222  >  6881 Len=1472"
"55","0.269276","192.168.0.8","73.85.80.81","IPv4","1490","","Fragmented IP protocol (proto=UDP 17, off=0, ID=7dd8) [Reassembled in #56]"
"56","0.269276","192.168.0.8","73.85.80.81","UDP","58","","54222  >  6881 Len=1472"
"57","0.269321","192.168.0.8","73.85.80.81","IPv4","1490","","Fragmented IP protocol (proto=UDP 17, off=0, ID=7dda) [Reassembled in #58]"
"58","0.269321","192.168.0.8","73.85.80.81","UDP","58","","54222  >  6881 Len=1472"
"59","0.269362","192.168.0.8","73.85.80.81","IPv4","1490","","Fragmented IP protocol (proto=UDP 17, off=0, ID=7ddc) [Reassembled in #60]"
"60","0.269362","192.168.0.8","73.85.80.81","UDP","58","","54222  >  6881 Len=1472"
"61","0.269451","192.168.0.8","73.85.80.81","IPv4","1490","","Fragmented IP protocol (proto=UDP 17, off=0, ID=7dde) [Reassembled in #62]"
"62","0.269451","192.168.0.8","73.85.80.81","UDP","58","","54222  >  6881 Len=1472"
"63","0.269537","192.168.0.8","73.85.80.81","IPv4","1490","","Fragmented IP protocol (proto=UDP 17, off=0, ID=7de0) [Reassembled in #64]"
"64","0.269537","192.168.0.8","73.85.80.81","UDP","58","","54222  >  6881 Len=1472"
"65","0.269635","192.168.0.8","73.85.80.81","IPv4","1490","","Fragmented IP protocol (proto=UDP 17, off=0, ID=7de2) [Reassembled in #66]"
"66","0.269635","192.168.0.8","73.85.80.81","UDP","58","","54222  >  6881 Len=1472"
"67","0.269694","192.168.0.8","73.85.80.81","IPv4","1490","","Fragmented IP protocol (proto=UDP 17, off=0, ID=7de4) [Reassembled in #68]"
"68","0.269694","192.168.0.8","73.85.80.81","UDP","58","","54222  >  6881 Len=1472"
"69","0.269746","192.168.0.8","73.85.80.81","IPv4","1490","","Fragmented IP protocol (proto=UDP 17, off=0, ID=7de6) [Reassembled in #70]"
"70","0.269746","192.168.0.8","73.85.80.81","UDP","58","","54222  >  6881 Len=1472"
"71","0.323830","73.85.80.81","192.168.0.8","UDP","62","","6881  >  54222 Len=20"
"72","0.323830","73.85.80.81","192.168.0.8","UDP","62","","6881  >  54222 Len=20"
"73","0.332037","192.168.0.8","73.85.80.81","IPv4","1490","","Fragmented IP protocol (proto=UDP 17, off=0, ID=7de8) [Reassembled in #74]"
"74","0.332037","192.168.0.8","73.85.80.81","UDP","58","","54222  >  6881 Len=1472"
"75","0.332293","192.168.0.8","73.85.80.81","IPv4","1490","","Fragmented IP protocol (proto=UDP 17, off=0, ID=7dea) [Reassembled in #76]"
"76","0.332293","192.168.0.8","73.85.80.81","UDP","58","","54222  >  6881 Len=1472"
"77","0.332537","192.168.0.8","73.85.80.81","IPv4","1490","","Fragmented IP protocol (proto=UDP 17, off=0, ID=7dec) [Reassembled in #78]"
"78","0.332537","192.168.0.8","73.85.80.81","UDP","58","","54222  >  6881 Len=1472"
"79","0.332611","192.168.0.8","73.85.80.81","IPv4","1490","","Fragmented IP protocol (proto=UDP 17, off=0, ID=7dee) [Reassembled in #80]"
"80","0.332611","192.168.0.8","73.85.80.81","UDP","58","","54222  >  6881 Len=1472"
"81","0.332662","73.85.80.81","192.168.0.8","UDP","62","","6881  >  54222 Len=20"
"82","0.332804","192.168.0.8","73.85.80.81","IPv4","1490","","Fragmented IP protocol (proto=UDP 17, off=0, ID=7df0) [Reassembled in #83]"
"83","0.332804","192.168.0.8","73.85.80.81","UDP","58","","54222  >  6881 Len=1472"
"84","0.345438","fe80::298a:74d2:dd2f:9634","ff02::16","ICMPv6","90","","Multicast Listener Report Message v2"
"85","0.345438","41.182.4.180","192.168.0.8","UDP","68","","31594  >  6881 Len=26"
"86","0.345517","73.85.80.81","192.168.0.8","UDP","62","","6881  >  54222 Len=20"
"87","0.345517","73.85.80.81","192.168.0.8","UDP","62","","6881  >  54222 Len=20"
"88","0.345675","192.168.0.8","73.85.80.81","IPv4","1490","","Fragmented IP protocol (proto=UDP 17, off=0, ID=7df2) [Reassembled in #89]"
"89","0.345675","192.168.0.8","73.85.80.81","UDP","58","","54222  >  6881 Len=1472"
"90","0.345839","192.168.0.8","41.182.4.180","IPv4","1506","","Fragmented IP protocol (proto=UDP 17, off=0, ID=c032) [Reassembled in #91]"
"91","0.345839","192.168.0.8","41.182.4.180","UDP","42","","6881  >  31594 Len=1472"
"92","0.345920","192.168.0.8","73.85.80.81","IPv4","1490","","Fragmented IP protocol (proto=UDP 17, off=0, ID=7df4) [Reassembled in #93]"
"93","0.345920","192.168.0.8","73.85.80.81","UDP","58","","54222  >  6881 Len=1472"
"94","0.345981","192.168.0.8","41.182.4.180","IPv4","1506","","Fragmented IP protocol (proto=UDP 17, off=0, ID=c034) [Reassembled in #95]"
"95","0.345981","192.168.0.8","41.182.4.180","UDP","42","","6881  >  31594 Len=1472"
"96","0.535367","73.85.80.81","192.168.0.8","UDP","96","","6881  >  54222 Len=54"
"97","0.535578","192.168.0.8","73.85.80.81","IPv4","1490","","Fragmented IP protocol (proto=UDP 17, off=0, ID=7df6) [Reassembled in #98]"
"98","0.535578","192.168.0.8","73.85.80.81","UDP","58","","54222  >  6881 Len=1472"
"99","0.535833","73.85.80.81","192.168.0.8","UDP","62","","6881  >  54222 Len=20"
"100","0.535833","73.85.80.81","192.168.0.8","UDP","62","","6881  >  54222 Len=20"
"101","0.535900","73.85.80.81","192.168.0.8","UDP","62","","6881  >  54222 Len=20"
"102","0.535900","73.85.80.81","192.168.0.8","UDP","62","","6881  >  54222 Len=20"
"103","0.535900","73.85.80.81","192.168.0.8","UDP","62","","6881  >  54222 Len=20"
"104","0.536000","192.168.0.8","73.85.80.81","IPv4","1490","","Fragmented IP protocol (proto=UDP 17, off=0, ID=7df8) [Reassembled in #105]"
"105","0.536000","192.168.0.8","73.85.80.81","UDP","58","","54222  >  6881 Len=1472"
"106","0.536076","192.168.0.8","73.85.80.81","IPv4","1490","","Fragmented IP protocol (proto=UDP 17, off=0, ID=7dfa) [Reassembled in #107]"
"107","0.536076","192.168.0.8","73.85.80.81","UDP","58","","54222  >  6881 Len=1472"
"108","0.536140","192.168.0.8","73.85.80.81","IPv4","1490","","Fragmented IP protocol (proto=UDP 17, off=0, ID=7dfc) [Reassembled in #109]"
"109","0.536140","192.168.0.8","73.85.80.81","UDP","58","","54222  >  6881 Len=1472"
"110","0.536196","192.168.0.8","73.85.80.81","IPv4","1490","","Fragmented IP protocol (proto=UDP 17, off=0, ID=7dfe) [Reassembled in #111]"
"111","0.536196","192.168.0.8","73.85.80.81","UDP","58","","54222  >  6881 Len=1472"
"112","0.536343","192.168.0.8","73.85.80.81","IPv4","1490","","Fragmented IP protocol (proto=UDP 17, off=0, ID=7e00) [Reassembled in #113]"
"113","0.536343","192.168.0.8","73.85.80.81","UDP","58","","54222  >  6881 Len=1472"
"114","0.546327","73.85.80.81","192.168.0.8","UDP","62","","6881  >  54222 Len=20"
"115","0.546327","73.85.80.81","192.168.0.8","UDP","62","","6881  >  54222 Len=20"
"116","0.546481","192.168.0.8","73.85.80.81","IPv4","1490","","Fragmented IP protocol (proto=UDP 17, off=0, ID=7e02) [Reassembled in #117]"
"117","0.546481","192.168.0.8","73.85.80.81","UDP","58","","54222  >  6881 Len=1472"
"118","0.546687","192.168.0.8","73.85.80.81","IPv4","1490","","Fragmented IP protocol (proto=UDP 17, off=0, ID=7e04) [Reassembled in #119]"
"119","0.546687","192.168.0.8","73.85.80.81","UDP","58","","54222  >  6881 Len=1472"
"120","0.546767","192.168.0.8","73.85.80.81","IPv4","1490","","Fragmented IP protocol (proto=UDP 17, off=0, ID=7e06) [Reassembled in #121]"
"121","0.546767","192.168.0.8","73.85.80.81","UDP","58","","54222  >  6881 Len=1472"
"122","0.546841","192.168.0.8","73.85.80.81","IPv4","1490","","Fragmented IP protocol (proto=UDP 17, off=0, ID=7e08) [Reassembled in #123]"
"123","0.546841","192.168.0.8","73.85.80.81","UDP","58","","54222  >  6881 Len=1472"
"124","0.614824","73.85.80.81","192.168.0.8","UDP","62","","6881  >  54222 Len=20"
"125","0.614824","73.85.80.81","192.168.0.8","UDP","62","","6881  >  54222 Len=20"
"126","0.614824","73.85.80.81","192.168.0.8","UDP","62","","6881  >  54222 Len=20"
"127","0.615067","192.168.0.8","73.85.80.81","IPv4","1490","","Fragmented IP protocol (proto=UDP 17, off=0, ID=7e0a) [Reassembled in #128]"
"128","0.615067","192.168.0.8","73.85.80.81","UDP","58","","54222  >  6881 Len=1472"
"129","0.615170","192.168.0.8","73.85.80.81","IPv4","1490","","Fragmented IP protocol (proto=UDP 17, off=0, ID=7e0c) [Reassembled in #130]"
"130","0.615170","192.168.0.8","73.85.80.81","UDP","58","","54222  >  6881 Len=1472"
"131","0.615365","192.168.0.8","73.85.80.81","IPv4","1490","","Fragmented IP protocol (proto=UDP 17, off=0, ID=7e0e) [Reassembled in #132]"
"132","0.615365","192.168.0.8","73.85.80.81","UDP","58","","54222  >  6881 Len=1472"
"133","0.615563","192.168.0.8","73.85.80.81","IPv4","1490","","Fragmented IP protocol (proto=UDP 17, off=0, ID=7e10) [Reassembled in #134]"
"134","0.615563","192.168.0.8","73.85.80.81","UDP","58","","54222  >  6881 Len=1472"
"135","0.615664","192.168.0.8","73.85.80.81","IPv4","1490","","Fragmented IP protocol (proto=UDP 17, off=0, ID=7e12) [Reassembled in #136]"
"136","0.615664","192.168.0.8","73.85.80.81","UDP","58","","54222  >  6881 Len=1472"
"137","0.634201","192.168.0.8","188.95.54.54","TCP","58","4","16992  >  4000 [PSH, ACK] Seq=1 Ack=1 Win=517 Len=4"
"138","0.678157","73.85.80.81","192.168.0.8","UDP","62","","6881  >  54222 Len=20"
"139","0.678157","73.85.80.81","192.168.0.8","UDP","62","","6881  >  54222 Len=20"
"140","0.678351","192.168.0.8","73.85.80.81","IPv4","1490","","Fragmented IP protocol (proto=UDP 17, off=0, ID=7e14) [Reassembled in #141]"
"141","0.678351","192.168.0.8","73.85.80.81","UDP","58","","54222  >  6881 Len=1472"
"142","0.678692","192.168.0.8","73.85.80.81","IPv4","1490","","Fragmented IP protocol (proto=UDP 17, off=0, ID=7e16) [Reassembled in #143]"
"143","0.678692","192.168.0.8","73.85.80.81","UDP","58","","54222  >  6881 Len=1472"
"144","0.678868","192.168.0.8","73.85.80.81","IPv4","1490","","Fragmented IP protocol (proto=UDP 17, off=0, ID=7e18) [Reassembled in #145]"
"145","0.678868","192.168.0.8","73.85.80.81","UDP","58","","54222  >  6881 Len=1472"
"146","0.756096","fe80::298a:74d2:dd2f:9634","ff02::16","ICMPv6","90","","Multicast Listener Report Message v2"
"147","0.756096","fe80::298a:74d2:dd2f:9634","ff02::16","ICMPv6","90","","Multicast Listener Report Message v2"
"148","0.818168","192.168.0.8","239.255.255.250","SSDP","212","","M-SEARCH * HTTP/1.1 "
"149","0.860415","fe80::298a:74d2:dd2f:9634","ff02::16","ICMPv6","90","","Multicast Listener Report Message v2"
"150","0.941937","192.168.0.8","188.95.54.54","TCP","58","4","[TCP Retransmission] 16992  >  4000 [PSH, ACK] Seq=1 Ack=1 Win=517 Len=4"
"151","0.988524","188.95.54.54","192.168.0.8","TCP","54","0","4000  >  16992 [ACK] Seq=1 Ack=5 Win=63 Len=0"
"152","0.988524","73.85.80.81","192.168.0.8","UDP","88","","6881  >  54222 Len=46"
"153","0.988524","73.85.80.81","192.168.0.8","UDP","62","","6881  >  54222 Len=20"
"154","0.988666","73.85.80.81","192.168.0.8","UDP","62","","6881  >  54222 Len=20"
"155","0.988666","73.85.80.81","192.168.0.8","UDP","62","","6881  >  54222 Len=20"
"156","0.988666","73.85.80.81","192.168.0.8","UDP","62","","6881  >  54222 Len=20"
"157","0.988666","73.85.80.81","192.168.0.8","UDP","62","","6881  >  54222 Len=20"
"158","0.988666","73.85.80.81","192.168.0.8","UDP","62","","6881  >  54222 Len=20"
"159","0.988666","73.85.80.81","192.168.0.8","UDP","62","","6881  >  54222 Len=20"
"160","0.988666","73.85.80.81","192.168.0.8","UDP","62","","6881  >  54222 Len=20"
"161","0.988666","73.85.80.81","192.168.0.8","UDP","62","","6881  >  54222 Len=20"
"162","0.988666","73.85.80.81","192.168.0.8","UDP","62","","6881  >  54222 Len=20"
"163","0.989013","192.168.0.8","73.85.80.81","IPv4","1490","","Fragmented IP protocol (proto=UDP 17, off=0, ID=7e1a) [Reassembled in #164]"
"164","0.989013","192.168.0.8","73.85.80.81","UDP","58","","54222  >  6881 Len=1472"
"165","0.989132","192.168.0.8","73.85.80.81","IPv4","1490","","Fragmented IP protocol (proto=UDP 17, off=0, ID=7e1c) [Reassembled in #166]"
"166","0.989132","192.168.0.8","73.85.80.81","UDP","58","","54222  >  6881 Len=1472"
"167","0.989177","192.168.0.8","73.85.80.81","IPv4","1490","","Fragmented IP protocol (proto=UDP 17, off=0, ID=7e1e) [Reassembled in #168]"
"168","0.989177","192.168.0.8","73.85.80.81","UDP","58","","54222  >  6881 Len=1472"
"169","0.989225","192.168.0.8","73.85.80.81","IPv4","1490","","Fragmented IP protocol (proto=UDP 17, off=0, ID=7e20) [Reassembled in #170]"
"170","0.989225","192.168.0.8","73.85.80.81","UDP","58","","54222  >  6881 Len=1472"
"171","0.989271","192.168.0.8","73.85.80.81","IPv4","1490","","Fragmented IP protocol (proto=UDP 17, off=0, ID=7e22) [Reassembled in #172]"
"172","0.989271","192.168.0.8","73.85.80.81","UDP","58","","54222  >  6881 Len=1472"
"173","0.989323","192.168.0.8","73.85.80.81","IPv4","1490","","Fragmented IP protocol (proto=UDP 17, off=0, ID=7e24) [Reassembled in #174]"
"174","0.989323","192.168.0.8","73.85.80.81","UDP","58","","54222  >  6881 Len=1472"
"175","0.989366","192.168.0.8","73.85.80.81","IPv4","1490","","Fragmented IP protocol (proto=UDP 17, off=0, ID=7e26) [Reassembled in #176]"
"176","0.989366","192.168.0.8","73.85.80.81","UDP","58","","54222  >  6881 Len=1472"
"177","0.989412","192.168.0.8","73.85.80.81","IPv4","1490","","Fragmented IP protocol (proto=UDP 17, off=0, ID=7e28) [Reassembled in #178]"
"178","0.989412","192.168.0.8","73.85.80.81","UDP","58","","54222  >  6881 Len=1472"
"179","0.989461","192.168.0.8","73.85.80.81","IPv4","1490","","Fragmented IP protocol (proto=UDP 17, off=0, ID=7e2a) [Reassembled in #180]"
"180","0.989461","192.168.0.8","73.85.80.81","UDP","58","","54222  >  6881 Len=1472"
"181","0.989529","192.168.0.8","73.85.80.81","IPv4","1490","","Fragmented IP protocol (proto=UDP 17, off=0, ID=7e2c) [Reassembled in #182]"
"182","0.989529","192.168.0.8","73.85.80.81","UDP","58","","54222  >  6881 Len=1472"
"183","0.989581","192.168.0.8","73.85.80.81","IPv4","1490","","Fragmented IP protocol (proto=UDP 17, off=0, ID=7e2e) [Reassembled in #184]"
"184","0.989581","192.168.0.8","73.85.80.81","UDP","58","","54222  >  6881 Len=1472"
"185","0.989962","192.168.0.8","73.85.80.81","IPv4","1490","","Fragmented IP protocol (proto=UDP 17, off=0, ID=7e30) [Reassembled in #186]"
"186","0.989962","192.168.0.8","73.85.80.81","UDP","58","","54222  >  6881 Len=1472"
"187","0.990191","192.168.0.8","73.85.80.81","IPv4","1490","","Fragmented IP protocol (proto=UDP 17, off=0, ID=7e32) [Reassembled in #188]"
"188","0.990191","192.168.0.8","73.85.80.81","UDP","58","","54222  >  6881 Len=1472"
"189","0.990253","192.168.0.8","73.85.80.81","IPv4","1490","","Fragmented IP protocol (proto=UDP 17, off=0, ID=7e34) [Reassembled in #190]"
"190","0.990253","192.168.0.8","73.85.80.81","UDP","58","","54222  >  6881 Len=1472"
"191","0.990308","192.168.0.8","73.85.80.81","IPv4","1490","","Fragmented IP protocol (proto=UDP 17, off=0, ID=7e36) [Reassembled in #192]"
"192","0.990308","192.168.0.8","73.85.80.81","UDP","58","","54222  >  6881 Len=1472"
"193","0.990358","192.168.0.8","73.85.80.81","IPv4","1490","","Fragmented IP protocol (proto=UDP 17, off=0, ID=7e38) [Reassembled in #194]"
"194","0.990358","192.168.0.8","73.85.80.81","UDP","58","","54222  >  6881 Len=1472"
"195","0.991249","192.168.0.8","73.85.80.81","IPv4","1490","","Fragmented IP protocol (proto=UDP 17, off=0, ID=7e3a) [Reassembled in #196]"
"196","0.991249","192.168.0.8","73.85.80.81","UDP","58","","54222  >  6881 Len=1472"
"197","0.991350","192.168.0.8","73.85.80.81","IPv4","1490","","Fragmented IP protocol (proto=UDP 17, off=0, ID=7e3c) [Reassembled in #198]"
"198","0.991350","192.168.0.8","73.85.80.81","UDP","58","","54222  >  6881 Len=1472"
"199","1.082429","192.168.0.8","65.254.150.144","BT-DHT","146","","Get_peers Info_hash=ae716c152709d8a5a07dac807deecfdcc255faef"
"200","1.097265","188.95.54.54","192.168.0.8","TCP","66","0","[TCP Dup ACK 151#1] 4000  >  16992 [ACK] Seq=1 Ack=5 Win=63 Len=0 SLE=1 SRE=5"
"201","1.144122","192.168.0.8","41.182.4.180","IPv4","1506","","Fragmented IP protocol (proto=UDP 17, off=0, ID=c035) [Reassembled in #202]"
"202","1.144122","192.168.0.8","41.182.4.180","UDP","42","","6881  >  31594 Len=1472"
"203","1.159692","fe80::1011:78a9:9755:a683","ff02::16","ICMPv6","150","","Multicast Listener Report Message v2"
"204","1.163435","fe80::1011:78a9:9755:a683","ff02::16","ICMPv6","150","","Multicast Listener Report Message v2"
"205","1.163435","154.62.191.147","192.168.0.8","UDP","62","","36463  >  6881 Len=20"
"206","1.163776","192.168.0.8","154.62.191.147","UDP","62","","6881  >  36463 Len=20"
"207","1.254768","73.85.80.81","192.168.0.8","UDP","148","","6881  >  54222 Len=106"
"208","1.254768","73.85.80.81","192.168.0.8","UDP","62","","6881  >  54222 Len=20"
"209","1.254768","73.85.80.81","192.168.0.8","UDP","62","","6881  >  54222 Len=20"
"210","1.254946","192.168.0.8","73.85.80.81","IPv4","1490","","Fragmented IP protocol (proto=UDP 17, off=0, ID=7e3e) [Reassembled in #211]"
"211","1.254946","192.168.0.8","73.85.80.81","UDP","58","","54222  >  6881 Len=1472"
"212","1.255061","192.168.0.8","73.85.80.81","IPv4","1490","","Fragmented IP protocol (proto=UDP 17, off=0, ID=7e40) [Reassembled in #213]"
"213","1.255061","192.168.0.8","73.85.80.81","UDP","58","","54222  >  6881 Len=1472"
"214","1.255121","192.168.0.8","73.85.80.81","IPv4","1490","","Fragmented IP protocol (proto=UDP 17, off=0, ID=7e42) [Reassembled in #215]"
"215","1.255121","192.168.0.8","73.85.80.81","UDP","58","","54222  >  6881 Len=1472"
"216","1.255677","192.168.0.8","73.85.80.81","IPv4","1490","","Fragmented IP protocol (proto=UDP 17, off=0, ID=7e44) [Reassembled in #217]"
"217","1.255677","192.168.0.8","73.85.80.81","UDP","58","","54222  >  6881 Len=1472"
"218","1.264215","fe80::1011:78a9:9755:a683","ff02::16","ICMPv6","150","","Multicast Listener Report Message v2"
"219","1.283002","73.85.80.81","192.168.0.8","UDP","62","","6881  >  54222 Len=20"
"220","1.283002","73.85.80.81","192.168.0.8","UDP","65","","6881  >  54222 Len=23"
"221","1.283107","73.85.80.81","192.168.0.8","UDP","62","","6881  >  54222 Len=20"
"222","1.283107","73.85.80.81","192.168.0.8","UDP","62","","6881  >  54222 Len=20"
"223","1.283685","192.168.0.8","73.85.80.81","IPv4","1490","","Fragmented IP protocol (proto=UDP 17, off=0, ID=7e46) [Reassembled in #224]"
"224","1.283685","192.168.0.8","73.85.80.81","UDP","58","","54222  >  6881 Len=1472"
"225","1.283805","192.168.0.8","73.85.80.81","IPv4","1490","","Fragmented IP protocol (proto=UDP 17, off=0, ID=7e48) [Reassembled in #226]"
"226","1.283805","192.168.0.8","73.85.80.81","UDP","58","","54222  >  6881 Len=1472"
"227","1.283913","192.168.0.8","73.85.80.81","IPv4","1490","","Fragmented IP protocol (proto=UDP 17, off=0, ID=7e4a) [Reassembled in #228]"
"228","1.283913","192.168.0.8","73.85.80.81","UDP","58","","54222  >  6881 Len=1472"
"229","1.284071","73.85.80.81","192.168.0.8","UDP","62","","6881  >  54222 Len=20"
"230","1.284219","192.168.0.8","73.85.80.81","IPv4","1490","","Fragmented IP protocol (proto=UDP 17, off=0, ID=7e4c) [Reassembled in #231]"
"231","1.284219","192.168.0.8","73.85.80.81","UDP","58","","54222  >  6881 Len=1472"
"232","1.284410","73.85.80.81","192.168.0.8","UDP","62","","6881  >  54222 Len=20"
"233","1.284410","73.85.80.81","192.168.0.8","UDP","62","","6881  >  54222 Len=20"
"234","1.284493","192.168.0.8","73.85.80.81","IPv4","1490","","Fragmented IP protocol (proto=UDP 17, off=0, ID=7e4e) [Reassembled in #235]"
"235","1.284493","192.168.0.8","73.85.80.81","UDP","58","","54222  >  6881 Len=1472"
"236","1.284640","192.168.0.8","73.85.80.81","IPv4","1490","","Fragmented IP protocol (proto=UDP 17, off=0, ID=7e50) [Reassembled in #237]"
"237","1.284640","192.168.0.8","73.85.80.81","UDP","58","","54222  >  6881 Len=1472"
"238","1.284746","192.168.0.8","73.85.80.81","IPv4","1490","","Fragmented IP protocol (proto=UDP 17, off=0, ID=7e52) [Reassembled in #239]"
"239","1.284746","192.168.0.8","73.85.80.81","UDP","58","","54222  >  6881 Len=1472"
"240","1.284838","192.168.0.8","73.85.80.81","IPv4","1490","","Fragmented IP protocol (proto=UDP 17, off=0, ID=7e54) [Reassembled in #241]"
"241","1.284838","192.168.0.8","73.85.80.81","UDP","58","","54222  >  6881 Len=1472"
"242","1.284906","192.168.0.8","73.85.80.81","IPv4","1490","","Fragmented IP protocol (proto=UDP 17, off=0, ID=7e56) [Reassembled in #243]"
"243","1.284906","192.168.0.8","73.85.80.81","UDP","58","","54222  >  6881 Len=1472"
"244","1.284966","192.168.0.8","73.85.80.81","IPv4","1490","","Fragmented IP protocol (proto=UDP 17, off=0, ID=7e58) [Reassembled in #245]"
"245","1.284966","192.168.0.8","73.85.80.81","UDP","58","","54222  >  6881 Len=1472"
"246","1.285040","192.168.0.8","73.85.80.81","IPv4","1490","","Fragmented IP protocol (proto=UDP 17, off=0, ID=7e5a) [Reassembled in #247]"
"247","1.285040","192.168.0.8","73.85.80.81","UDP","58","","54222  >  6881 Len=1472"
"248","1.285134","192.168.0.8","73.85.80.81","IPv4","1490","","Fragmented IP protocol (proto=UDP 17, off=0, ID=7e5c) [Reassembled in #249]"
"249","1.285134","192.168.0.8","73.85.80.81","UDP","58","","54222  >  6881 Len=1472"
"250","1.285194","192.168.0.8","73.85.80.81","IPv4","1490","","Fragmented IP protocol (proto=UDP 17, off=0, ID=7e5e) [Reassembled in #251]"
"251","1.285194","192.168.0.8","73.85.80.81","UDP","58","","54222  >  6881 Len=1472"
"252","1.285248","192.168.0.8","73.85.80.81","IPv4","1490","","Fragmented IP protocol (proto=UDP 17, off=0, ID=7e60) [Reassembled in #253]"
"253","1.285248","192.168.0.8","73.85.80.81","UDP","58","","54222  >  6881 Len=1472"
"254","1.329467","154.62.191.147","192.168.0.8","UDP","130","","36463  >  6881 Len=88"
"255","1.329660","192.168.0.8","154.62.191.147","UDP","62","","6881  >  36463 Len=20"
"256","1.330195","192.168.0.8","154.62.191.147","UDP","447","","6881  >  36463 Len=405"
"257","1.484353","192.168.0.8","35.186.224.24","UDP","1223","","63152  >  443 Len=1181"
"258","1.500000","154.62.191.147","192.168.0.8","UDP","62","","36463  >  6881 Len=20"
"259","1.500000","154.62.191.147","192.168.0.8","UDP","68","","36463  >  6881 Len=26"
"260","1.500225","192.168.0.8","154.62.191.147","UDP","62","","6881  >  36463 Len=20"
"261","1.518439","35.186.224.24","192.168.0.8","UDP","70","","443  >  63152 Len=28"
"262","1.527931","73.85.80.81","192.168.0.8","UDP","79","","6881  >  54222 Len=37"
"263","1.527931","73.85.80.81","192.168.0.8","UDP","62","","6881  >  54222 Len=20"
"264","1.527983","73.85.80.81","192.168.0.8","UDP","62","","6881  >  54222 Len=20"
"265","1.528074","192.168.0.8","73.85.80.81","IPv4","1490","","Fragmented IP protocol (proto=UDP 17, off=0, ID=7e62) [Reassembled in #266]"
"266","1.528074","192.168.0.8","73.85.80.81","UDP","58","","54222  >  6881 Len=1472"
"267","1.528160","192.168.0.8","73.85.80.81","IPv4","1490","","Fragmented IP protocol (proto=UDP 17, off=0, ID=7e64) [Reassembled in #268]"
"268","1.528160","192.168.0.8","73.85.80.81","UDP","58","","54222  >  6881 Len=1472"
"269","1.528199","192.168.0.8","73.85.80.81","IPv4","1490","","Fragmented IP protocol (proto=UDP 17, off=0, ID=7e66) [Reassembled in #270]"
"270","1.528199","192.168.0.8","73.85.80.81","UDP","58","","54222  >  6881 Len=1472"
"271","1.528508","192.168.0.8","73.85.80.81","IPv4","1490","","Fragmented IP protocol (proto=UDP 17, off=0, ID=7e68) [Reassembled in #272]"
"272","1.528508","192.168.0.8","73.85.80.81","UDP","58","","54222  >  6881 Len=1472"
"273","1.530909","192.168.0.8","39.34.129.225","TCP","66","0","17706  >  46057 [SYN] Seq=0 Win=64240 Len=0 MSS=1460 WS=256 SACK_PERM"
"274","1.546974","192.168.0.8","35.186.224.24","UDP","74","","63152  >  443 Len=32"
"275","1.559948","73.85.80.81","192.168.0.8","UDP","62","","6881  >  54222 Len=20"
"276","1.559948","73.85.80.81","192.168.0.8","UDP","62","","6881  >  54222 Len=20"
"277","1.560032","73.85.80.81","192.168.0.8","UDP","62","","6881  >  54222 Len=20"
"278","1.560032","73.85.80.81","192.168.0.8","UDP","62","","6881  >  54222 Len=20"
"279","1.560032","73.85.80.81","192.168.0.8","UDP","62","","6881  >  54222 Len=20"
"280","1.560032","73.85.80.81","192.168.0.8","UDP","62","","6881  >  54222 Len=20"
"281","1.560032","73.85.80.81","192.168.0.8","UDP","62","","6881  >  54222 Len=20"
"282","1.560032","73.85.80.81","192.168.0.8","UDP","62","","6881  >  54222 Len=20"
"283","1.560032","73.85.80.81","192.168.0.8","UDP","62","","6881  >  54222 Len=20"
"284","1.560032","73.85.80.81","192.168.0.8","UDP","62","","6881  >  54222 Len=20"
"285","1.560032","73.85.80.81","192.168.0.8","UDP","62","","6881  >  54222 Len=20"
"286","1.560126","192.168.0.8","73.85.80.81","IPv4","1490","","Fragmented IP protocol (proto=UDP 17, off=0, ID=7e6a) [Reassembled in #287]"
"287","1.560126","192.168.0.8","73.85.80.81","UDP","58","","54222  >  6881 Len=1472"
"288","1.560222","192.168.0.8","73.85.80.81","IPv4","1490","","Fragmented IP protocol (proto=UDP 17, off=0, ID=7e6c) [Reassembled in #289]"
"289","1.560222","192.168.0.8","73.85.80.81","UDP","58","","54222  >  6881 Len=1472"
"290","1.560262","192.168.0.8","73.85.80.81","IPv4","1490","","Fragmented IP protocol (proto=UDP 17, off=0, ID=7e6e) [Reassembled in #291]"
"291","1.560262","192.168.0.8","73.85.80.81","UDP","58","","54222  >  6881 Len=1472"
"292","1.560300","192.168.0.8","73.85.80.81","IPv4","1490","","Fragmented IP protocol (proto=UDP 17, off=0, ID=7e70) [Reassembled in #293]"
"293","1.560300","192.168.0.8","73.85.80.81","UDP","58","","54222  >  6881 Len=1472"
"294","1.560338","192.168.0.8","73.85.80.81","IPv4","1490","","Fragmented IP protocol (proto=UDP 17, off=0, ID=7e72) [Reassembled in #295]"
"295","1.560338","192.168.0.8","73.85.80.81","UDP","58","","54222  >  6881 Len=1472"
"296","1.560376","192.168.0.8","73.85.80.81","IPv4","1490","","Fragmented IP protocol (proto=UDP 17, off=0, ID=7e74) [Reassembled in #297]"
"297","1.560376","192.168.0.8","73.85.80.81","UDP","58","","54222  >  6881 Len=1472"
"298","1.560414","192.168.0.8","73.85.80.81","IPv4","1490","","Fragmented IP protocol (proto=UDP 17, off=0, ID=7e76) [Reassembled in #299]"
"299","1.560414","192.168.0.8","73.85.80.81","UDP","58","","54222  >  6881 Len=1472"
"300","1.560455","192.168.0.8","73.85.80.81","IPv4","1490","","Fragmented IP protocol (proto=UDP 17, off=0, ID=7e78) [Reassembled in #301]"
"301","1.560455","192.168.0.8","73.85.80.81","UDP","58","","54222  >  6881 Len=1472"
"302","1.560497","192.168.0.8","73.85.80.81","IPv4","1490","","Fragmented IP protocol (proto=UDP 17, off=0, ID=7e7a) [Reassembled in #303]"
"303","1.560497","192.168.0.8","73.85.80.81","UDP","58","","54222  >  6881 Len=1472"
"304","1.560537","192.168.0.8","73.85.80.81","IPv4","1490","","Fragmented IP protocol (proto=UDP 17, off=0, ID=7e7c) [Reassembled in #305]"
"305","1.560537","192.168.0.8","73.85.80.81","UDP","58","","54222  >  6881 Len=1472"
"306","1.560779","192.168.0.8","73.85.80.81","IPv4","1490","","Fragmented IP protocol (proto=UDP 17, off=0, ID=7e7e) [Reassembled in #307]"
"307","1.560779","192.168.0.8","73.85.80.81","UDP","58","","54222  >  6881 Len=1472"
"308","1.560919","192.168.0.8","73.85.80.81","IPv4","1490","","Fragmented IP protocol (proto=UDP 17, off=0, ID=7e80) [Reassembled in #309]"
"309","1.560919","192.168.0.8","73.85.80.81","UDP","58","","54222  >  6881 Len=1472"
"310","1.560975","192.168.0.8","73.85.80.81","IPv4","1490","","Fragmented IP protocol (proto=UDP 17, off=0, ID=7e82) [Reassembled in #311]"
"311","1.560975","192.168.0.8","73.85.80.81","UDP","58","","54222  >  6881 Len=1472"
"312","1.561027","192.168.0.8","73.85.80.81","IPv4","1490","","Fragmented IP protocol (proto=UDP 17, off=0, ID=7e84) [Reassembled in #313]"
"313","1.561027","192.168.0.8","73.85.80.81","UDP","58","","54222  >  6881 Len=1472"
"314","1.583728","101.127.117.196","192.168.0.8","UDP","62","","19160  >  54222 Len=20"
"315","1.583848","192.168.0.8","101.127.117.196","UDP","62","","54222  >  19160 Len=20"
"316","1.590961","192.168.0.8","3.229.131.106","TCP","66","0","17710  >  443 [SYN] Seq=0 Win=64240 Len=0 MSS=1460 WS=256 SACK_PERM"
"317","1.607350","35.186.224.24","192.168.0.8","UDP","106","","443  >  63152 Len=64"
"318","1.608405","192.168.0.8","185.65.134.249","TCP","66","0","17709  >  24991 [SYN] Seq=0 Win=64240 Len=0 MSS=1460 WS=256 SACK_PERM"
"319","1.624020","41.182.4.180","192.168.0.8","UDP","68","","31594  >  6881 Len=26"
"320","1.625691","192.168.0.8","41.182.4.180","IPv4","1506","","Fragmented IP protocol (proto=UDP 17, off=0, ID=c036) [Reassembled in #321]"
"321","1.625691","192.168.0.8","41.182.4.180","UDP","42","","6881  >  31594 Len=1472"
"322","1.639554","192.168.0.8","35.186.224.24","UDP","78","","63152  >  443 Len=36"
"323","1.655738","192.168.0.8","49.37.130.211","UDP","62","","54222  >  6881 Len=20"
"324","1.661582","154.62.191.147","192.168.0.8","UDP","68","","36463  >  6881 Len=26"
"325","1.669731","35.186.224.24","192.168.0.8","UDP","66","","443  >  63152 Len=24"
"326","1.792470","73.85.80.81","192.168.0.8","UDP","96","","6881  >  54222 Len=54"
"327","1.792470","73.85.80.81","192.168.0.8","UDP","62","","6881  >  54222 Len=20"
"328","1.792470","73.85.80.81","192.168.0.8","UDP","62","","6881  >  54222 Len=20"
"329","1.792470","73.85.80.81","192.168.0.8","UDP","62","","6881  >  54222 Len=20"
"330","1.792663","192.168.0.8","73.85.80.81","IPv4","1490","","Fragmented IP protocol (proto=UDP 17, off=0, ID=7e86) [Reassembled in #331]"
"331","1.792663","192.168.0.8","73.85.80.81","UDP","58","","54222  >  6881 Len=1472"
"332","1.792755","192.168.0.8","73.85.80.81","IPv4","1490","","Fragmented IP protocol (proto=UDP 17, off=0, ID=7e88) [Reassembled in #333]"
"333","1.792755","192.168.0.8","73.85.80.81","UDP","58","","54222  >  6881 Len=1472"
"334","1.792800","192.168.0.8","73.85.80.81","IPv4","1490","","Fragmented IP protocol (proto=UDP 17, off=0, ID=7e8a) [Reassembled in #335]"
"335","1.792800","192.168.0.8","73.85.80.81","UDP","58","","54222  >  6881 Len=1472"
"336","1.792844","192.168.0.8","73.85.80.81","IPv4","1490","","Fragmented IP protocol (proto=UDP 17, off=0, ID=7e8c) [Reassembled in #337]"
"337","1.792844","192.168.0.8","73.85.80.81","UDP","58","","54222  >  6881 Len=1472"
"338","1.810547","3.229.131.106","192.168.0.8","TCP","66","0","443  >  17710 [SYN, ACK] Seq=0 Ack=1 Win=26883 Len=0 MSS=1440 SACK_PERM WS=256"
"339","1.810635","192.168.0.8","3.229.131.106","TCP","54","0","17710  >  443 [ACK] Seq=1 Ack=1 Win=66048 Len=0"
"340","1.811702","192.168.0.8","3.229.131.106","TLSv1.2","206","152","Client Hello (SNI=ledger.bt.co)"
"341","1.825614","73.85.80.81","192.168.0.8","UDP","62","","6881  >  54222 Len=20"
"342","1.825614","73.85.80.81","192.168.0.8","UDP","62","","6881  >  54222 Len=20"
"343","1.825701","73.85.80.81","192.168.0.8","UDP","62","","6881  >  54222 Len=20"
"344","1.825701","73.85.80.81","192.168.0.8","UDP","62","","6881  >  54222 Len=20"
"345","1.825701","73.85.80.81","192.168.0.8","UDP","62","","6881  >  54222 Len=20"
"346","1.825701","73.85.80.81","192.168.0.8","UDP","62","","6881  >  54222 Len=20"
"347","1.825701","73.85.80.81","192.168.0.8","UDP","62","","6881  >  54222 Len=20"
"348","1.825701","73.85.80.81","192.168.0.8","UDP","62","","6881  >  54222 Len=20"
"349","1.825701","73.85.80.81","192.168.0.8","UDP","62","","6881  >  54222 Len=20"
"350","1.826784","192.168.0.8","73.85.80.81","IPv4","1490","","Fragmented IP protocol (proto=UDP 17, off=0, ID=7e8e) [Reassembled in #351]"
"351","1.826784","192.168.0.8","73.85.80.81","UDP","58","","54222  >  6881 Len=1472"
"352","1.826878","192.168.0.8","73.85.80.81","IPv4","1490","","Fragmented IP protocol (proto=UDP 17, off=0, ID=7e90) [Reassembled in #353]"
"353","1.826878","192.168.0.8","73.85.80.81","UDP","58","","54222  >  6881 Len=1472"
"354","1.826919","192.168.0.8","73.85.80.81","IPv4","1490","","Fragmented IP protocol (proto=UDP 17, off=0, ID=7e92) [Reassembled in #355]"
"355","1.826919","192.168.0.8","73.85.80.81","UDP","58","","54222  >  6881 Len=1472"
"356","1.826959","192.168.0.8","73.85.80.81","IPv4","1490","","Fragmented IP protocol (proto=UDP 17, off=0, ID=7e94) [Reassembled in #357]"
"357","1.826959","192.168.0.8","73.85.80.81","UDP","58","","54222  >  6881 Len=1472"
"358","1.826998","192.168.0.8","73.85.80.81","IPv4","1490","","Fragmented IP protocol (proto=UDP 17, off=0, ID=7e96) [Reassembled in #359]"
"359","1.826998","192.168.0.8","73.85.80.81","UDP","58","","54222  >  6881 Len=1472"
"360","1.827037","192.168.0.8","73.85.80.81","IPv4","1490","","Fragmented IP protocol (proto=UDP 17, off=0, ID=7e98) [Reassembled in #361]"
"361","1.827037","192.168.0.8","73.85.80.81","UDP","58","","54222  >  6881 Len=1472"
"362","1.827076","192.168.0.8","73.85.80.81","IPv4","1490","","Fragmented IP protocol (proto=UDP 17, off=0, ID=7e9a) [Reassembled in #363]"
"363","1.827076","192.168.0.8","73.85.80.81","UDP","58","","54222  >  6881 Len=1472"
"364","1.827115","192.168.0.8","73.85.80.81","IPv4","1490","","Fragmented IP protocol (proto=UDP 17, off=0, ID=7e9c) [Reassembled in #365]"
"365","1.827115","192.168.0.8","73.85.80.81","UDP","58","","54222  >  6881 Len=1472"
"366","1.827296","192.168.0.8","73.85.80.81","IPv4","1490","","Fragmented IP protocol (proto=UDP 17, off=0, ID=7e9e) [Reassembled in #367]"
"367","1.827296","192.168.0.8","73.85.80.81","UDP","58","","54222  >  6881 Len=1472"
"368","1.827478","192.168.0.8","73.85.80.81","IPv4","1490","","Fragmented IP protocol (proto=UDP 17, off=0, ID=7ea0) [Reassembled in #369]"
"369","1.827478","192.168.0.8","73.85.80.81","UDP","58","","54222  >  6881 Len=1472"
"370","1.827567","192.168.0.8","73.85.80.81","IPv4","1490","","Fragmented IP protocol (proto=UDP 17, off=0, ID=7ea2) [Reassembled in #371]"
"371","1.827567","192.168.0.8","73.85.80.81","UDP","58","","54222  >  6881 Len=1472"
"372","1.837937","73.85.80.81","192.168.0.8","UDP","62","","6881  >  54222 Len=20"
"373","1.837937","73.85.80.81","192.168.0.8","UDP","62","","6881  >  54222 Len=20"
"374","1.838061","192.168.0.8","73.85.80.81","IPv4","1490","","Fragmented IP protocol (proto=UDP 17, off=0, ID=7ea4) [Reassembled in #375]"
"375","1.838061","192.168.0.8","73.85.80.81","UDP","58","","54222  >  6881 Len=1472"
"376","1.838221","192.168.0.8","73.85.80.81","IPv4","1490","","Fragmented IP protocol (proto=UDP 17, off=0, ID=7ea6) [Reassembled in #377]"
"377","1.838221","192.168.0.8","73.85.80.81","UDP","58","","54222  >  6881 Len=1472"
"378","1.838360","192.168.0.8","73.85.80.81","IPv4","1490","","Fragmented IP protocol (proto=UDP 17, off=0, ID=7ea8) [Reassembled in #379]"
"379","1.838360","192.168.0.8","73.85.80.81","UDP","58","","54222  >  6881 Len=1472"
"380","1.838430","192.168.0.8","73.85.80.81","IPv4","1490","","Fragmented IP protocol (proto=UDP 17, off=0, ID=7eaa) [Reassembled in #381]"
"381","1.838430","192.168.0.8","73.85.80.81","UDP","58","","54222  >  6881 Len=1472"
"382","1.877551","192.168.0.11","255.255.255.255","DB-LSP-DISC/JSON","175","","Dropbox LAN sync Discovery Protocol, JSON"
"383","1.880159","192.168.0.11","192.168.0.255","DB-LSP-DISC/JSON","175","","Dropbox LAN sync Discovery Protocol, JSON"
"384","2.030269","3.229.131.106","192.168.0.8","TCP","54","0","443  >  17710 [ACK] Seq=1 Ack=153 Win=28160 Len=0"
"385","2.030705","3.229.131.106","192.168.0.8","TLSv1.2","1494","1440","Server Hello"
"386","2.030705","3.229.131.106","192.168.0.8","TCP","1494","1440","443  >  17710 [ACK] Seq=1441 Ack=153 Win=28160 Len=1440 [TCP PDU reassembled in 389]"
"387","2.030730","192.168.0.8","3.229.131.106","TCP","54","0","17710  >  443 [ACK] Seq=153 Ack=2881 Win=66048 Len=0"
"388","2.031060","3.229.131.106","192.168.0.8","TCP","1494","1440","443  >  17710 [ACK] Seq=2881 Ack=153 Win=28160 Len=1440 [TCP PDU reassembled in 389]"
"389","2.031455","3.229.131.106","192.168.0.8","TLSv1.2","1299","1245","Certificate, Server Key Exchange, Server Hello Done"
"390","2.031480","192.168.0.8","3.229.131.106","TCP","54","0","17710  >  443 [ACK] Seq=153 Ack=5566 Win=66048 Len=0"
"391","2.045573","192.168.0.8","3.229.131.106","TLSv1.2","180","126","Client Key Exchange, Change Cipher Spec, Encrypted Handshake Message"
"392","2.058059","73.85.80.81","192.168.0.8","UDP","96","","6881  >  54222 Len=54"
"393","2.058059","73.85.80.81","192.168.0.8","UDP","62","","6881  >  54222 Len=20"
"394","2.058059","73.85.80.81","192.168.0.8","UDP","62","","6881  >  54222 Len=20"
"395","2.058059","73.85.80.81","192.168.0.8","UDP","62","","6881  >  54222 Len=20"
"396","2.058997","192.168.0.8","73.85.80.81","IPv4","1490","","Fragmented IP protocol (proto=UDP 17, off=0, ID=7eac) [Reassembled in #397]"
"397","2.058997","192.168.0.8","73.85.80.81","UDP","58","","54222  >  6881 Len=1472"
"398","2.059080","192.168.0.8","73.85.80.81","IPv4","1490","","Fragmented IP protocol (proto=UDP 17, off=0, ID=7eae) [Reassembled in #399]"
"399","2.059080","192.168.0.8","73.85.80.81","UDP","58","","54222  >  6881 Len=1472"
"400","2.059121","192.168.0.8","73.85.80.81","IPv4","1490","","Fragmented IP protocol (proto=UDP 17, off=0, ID=7eb0) [Reassembled in #401]"
"401","2.059121","192.168.0.8","73.85.80.81","UDP","58","","54222  >  6881 Len=1472"
"402","2.059159","192.168.0.8","73.85.80.81","IPv4","1490","","Fragmented IP protocol (proto=UDP 17, off=0, ID=7eb2) [Reassembled in #403]"
"403","2.059159","192.168.0.8","73.85.80.81","UDP","58","","54222  >  6881 Len=1472"
"404","2.089097","41.182.4.180","192.168.0.8","UDP","68","","31594  >  6881 Len=26"
"405","2.089097","73.85.80.81","192.168.0.8","UDP","62","","6881  >  54222 Len=20"
"406","2.089217","73.85.80.81","192.168.0.8","UDP","62","","6881  >  54222 Len=20"
"407","2.089217","73.85.80.81","192.168.0.8","UDP","62","","6881  >  54222 Len=20"
"408","2.089217","73.85.80.81","192.168.0.8","UDP","62","","6881  >  54222 Len=20"
"409","2.089379","192.168.0.8","41.182.4.180","IPv4","1506","","Fragmented IP protocol (proto=UDP 17, off=0, ID=c037) [Reassembled in #410]"
"410","2.089379","192.168.0.8","41.182.4.180","UDP","42","","6881  >  31594 Len=1472"
"411","2.089541","192.168.0.8","73.85.80.81","IPv4","1490","","Fragmented IP protocol (proto=UDP 17, off=0, ID=7eb4) [Reassembled in #412]"
"412","2.089541","192.168.0.8","73.85.80.81","UDP","58","","54222  >  6881 Len=1472"
"413","2.089586","192.168.0.8","73.85.80.81","IPv4","1490","","Fragmented IP protocol (proto=UDP 17, off=0, ID=7eb6) [Reassembled in #414]"
"414","2.089586","192.168.0.8","73.85.80.81","UDP","58","","54222  >  6881 Len=1472"
"415","2.089625","192.168.0.8","73.85.80.81","IPv4","1490","","Fragmented IP protocol (proto=UDP 17, off=0, ID=7eb8) [Reassembled in #416]"
"416","2.089625","192.168.0.8","73.85.80.81","UDP","58","","54222  >  6881 Len=1472"
"417","2.089735","192.168.0.8","73.85.80.81","IPv4","1490","","Fragmented IP protocol (proto=UDP 17, off=0, ID=7eba) [Reassembled in #418]"
"418","2.089735","192.168.0.8","73.85.80.81","UDP","58","","54222  >  6881 Len=1472"
"419","2.089806","192.168.0.8","73.85.80.81","IPv4","1490","","Fragmented IP protocol (proto=UDP 17, off=0, ID=7ebc) [Reassembled in #420]"
"420","2.089806","192.168.0.8","73.85.80.81","UDP","58","","54222  >  6881 Len=1472"
"421","2.089934","192.168.0.8","73.85.80.81","IPv4","1490","","Fragmented IP protocol (proto=UDP 17, off=0, ID=7ebe) [Reassembled in #422]"
"422","2.089934","192.168.0.8","73.85.80.81","UDP","58","","54222  >  6881 Len=1472"
"423","2.104034","73.85.80.81","192.168.0.8","UDP","62","","6881  >  54222 Len=20"
"424","2.104034","73.85.80.81","192.168.0.8","UDP","62","","6881  >  54222 Len=20"
"425","2.104191","192.168.0.8","73.85.80.81","IPv4","1490","","Fragmented IP protocol (proto=UDP 17, off=0, ID=7ec0) [Reassembled in #426]"
"426","2.104191","192.168.0.8","73.85.80.81","UDP","58","","54222  >  6881 Len=1472"
"427","2.104364","192.168.0.8","73.85.80.81","IPv4","1490","","Fragmented IP protocol (proto=UDP 17, off=0, ID=7ec2) [Reassembled in #428]"
"428","2.104364","192.168.0.8","73.85.80.81","UDP","58","","54222  >  6881 Len=1472"
"429","2.104746","73.85.80.81","192.168.0.8","UDP","62","","6881  >  54222 Len=20"
"430","2.104746","73.85.80.81","192.168.0.8","UDP","62","","6881  >  54222 Len=20"
"431","2.104746","73.85.80.81","192.168.0.8","UDP","62","","6881  >  54222 Len=20"
"432","2.104746","73.85.80.81","192.168.0.8","UDP","62","","6881  >  54222 Len=20"
"433","2.104899","192.168.0.8","73.85.80.81","IPv4","1490","","Fragmented IP protocol (proto=UDP 17, off=0, ID=7ec4) [Reassembled in #434]"
"434","2.104899","192.168.0.8","73.85.80.81","UDP","58","","54222  >  6881 Len=1472"
"435","2.104972","192.168.0.8","73.85.80.81","IPv4","1490","","Fragmented IP protocol (proto=UDP 17, off=0, ID=7ec6) [Reassembled in #436]"
"436","2.104972","192.168.0.8","73.85.80.81","UDP","58","","54222  >  6881 Len=1472"
"437","2.105012","192.168.0.8","73.85.80.81","IPv4","1490","","Fragmented IP protocol (proto=UDP 17, off=0, ID=7ec8) [Reassembled in #438]"
"438","2.105012","192.168.0.8","73.85.80.81","UDP","58","","54222  >  6881 Len=1472"
"439","2.105105","192.168.0.8","73.85.80.81","IPv4","1490","","Fragmented IP protocol (proto=UDP 17, off=0, ID=7eca) [Reassembled in #440]"
"440","2.105105","192.168.0.8","73.85.80.81","UDP","58","","54222  >  6881 Len=1472"
"441","2.105162","192.168.0.8","73.85.80.81","IPv4","1490","","Fragmented IP protocol (proto=UDP 17, off=0, ID=7ecc) [Reassembled in #442]"
"442","2.105162","192.168.0.8","73.85.80.81","UDP","58","","54222  >  6881 Len=1472"
"443","2.105213","192.168.0.8","73.85.80.81","IPv4","1490","","Fragmented IP protocol (proto=UDP 17, off=0, ID=7ece) [Reassembled in #444]"
"444","2.105213","192.168.0.8","73.85.80.81","UDP","58","","54222  >  6881 Len=1472"
"445","2.105266","192.168.0.8","73.85.80.81","IPv4","1490","","Fragmented IP protocol (proto=UDP 17, off=0, ID=7ed0) [Reassembled in #446]"
"446","2.105266","192.168.0.8","73.85.80.81","UDP","58","","54222  >  6881 Len=1472"
"447","2.264960","3.229.131.106","192.168.0.8","TCP","54","0","443  >  17710 [ACK] Seq=5566 Ack=279 Win=28160 Len=0"
"448","2.264960","3.229.131.106","192.168.0.8","TLSv1.2","258","204","New Session Ticket, Change Cipher Spec, Encrypted Handshake Message"
"449","2.266061","3.229.131.106","192.168.0.8","TLSv1.2","123","69","Application Data"
"450","2.266092","192.168.0.8","3.229.131.106","TCP","54","0","17710  >  443 [ACK] Seq=279 Ack=5839 Win=65792 Len=0"
"451","2.268520","192.168.0.8","3.229.131.106","TLSv1.2","191","137","Application Data"
"452","2.285971","fe80::b219:21ff:fe74:55c9","ff02::1","ICMPv6","142","","Router Advertisement from b0:19:21:74:55:c9"
"453","2.287854","fe80::b219:21ff:fe74:55c9","ff02::1","ICMPv6","142","","Router Advertisement from b0:19:21:74:55:c9"
"454","2.329462","73.85.80.81","192.168.0.8","UDP","96","","6881  >  54222 Len=54"
"455","2.329462","73.85.80.81","192.168.0.8","UDP","62","","6881  >  54222 Len=20"
"456","2.329533","73.85.80.81","192.168.0.8","UDP","62","","6881  >  54222 Len=20"
"457","2.329533","73.85.80.81","192.168.0.8","UDP","62","","6881  >  54222 Len=20"
"458","2.329640","192.168.0.8","73.85.80.81","IPv4","1490","","Fragmented IP protocol (proto=UDP 17, off=0, ID=7ed2) [Reassembled in #459]"
"459","2.329640","192.168.0.8","73.85.80.81","UDP","58","","54222  >  6881 Len=1472"
"460","2.329747","192.168.0.8","73.85.80.81","IPv4","1490","","Fragmented IP protocol (proto=UDP 17, off=0, ID=7ed4) [Reassembled in #461]"
"461","2.329747","192.168.0.8","73.85.80.81","UDP","58","","54222  >  6881 Len=1472"
"462","2.329792","192.168.0.8","73.85.80.81","IPv4","1490","","Fragmented IP protocol (proto=UDP 17, off=0, ID=7ed6) [Reassembled in #463]"
"463","2.329792","192.168.0.8","73.85.80.81","UDP","58","","54222  >  6881 Len=1472"
"464","2.329835","192.168.0.8","73.85.80.81","IPv4","1490","","Fragmented IP protocol (proto=UDP 17, off=0, ID=7ed8) [Reassembled in #465]"
"465","2.329835","192.168.0.8","73.85.80.81","UDP","58","","54222  >  6881 Len=1472"
"466","2.367996","73.85.80.81","192.168.0.8","UDP","62","","6881  >  54222 Len=20"
"467","2.367996","73.85.80.81","192.168.0.8","UDP","62","","6881  >  54222 Len=20"
"468","2.368078","73.85.80.81","192.168.0.8","UDP","62","","6881  >  54222 Len=20"
"469","2.368183","192.168.0.8","73.85.80.81","IPv4","1490","","Fragmented IP protocol (proto=UDP 17, off=0, ID=7eda) [Reassembled in #470]"
"470","2.368183","192.168.0.8","73.85.80.81","UDP","58","","54222  >  6881 Len=1472"
"471","2.368292","192.168.0.8","73.85.80.81","IPv4","1490","","Fragmented IP protocol (proto=UDP 17, off=0, ID=7edc) [Reassembled in #472]"
"472","2.368292","192.168.0.8","73.85.80.81","UDP","58","","54222  >  6881 Len=1472"
"473","2.368482","192.168.0.8","73.85.80.81","IPv4","1490","","Fragmented IP protocol (proto=UDP 17, off=0, ID=7ede) [Reassembled in #474]"
"474","2.368482","192.168.0.8","73.85.80.81","UDP","58","","54222  >  6881 Len=1472"
"475","2.368592","192.168.0.8","73.85.80.81","IPv4","1490","","Fragmented IP protocol (proto=UDP 17, off=0, ID=7ee0) [Reassembled in #476]"
"476","2.368592","192.168.0.8","73.85.80.81","UDP","58","","54222  >  6881 Len=1472"
"477","2.368665","192.168.0.8","73.85.80.81","IPv4","1490","","Fragmented IP protocol (proto=UDP 17, off=0, ID=7ee2) [Reassembled in #478]"
"478","2.368665","192.168.0.8","73.85.80.81","UDP","58","","54222  >  6881 Len=1472"
"479","2.368717","192.168.0.8","73.85.80.81","IPv4","1490","","Fragmented IP protocol (proto=UDP 17, off=0, ID=7ee4) [Reassembled in #480]"
"480","2.368717","192.168.0.8","73.85.80.81","UDP","58","","54222  >  6881 Len=1472"
"481","2.372239","73.85.80.81","192.168.0.8","UDP","62","","6881  >  54222 Len=20"
"482","2.372370","192.168.0.8","73.85.80.81","IPv4","1490","","Fragmented IP protocol (proto=UDP 17, off=0, ID=7ee6) [Reassembled in #483]"
"483","2.372370","192.168.0.8","73.85.80.81","UDP","58","","54222  >  6881 Len=1472"
"484","2.372448","192.168.0.8","73.85.80.81","IPv4","1490","","Fragmented IP protocol (proto=UDP 17, off=0, ID=7ee8) [Reassembled in #485]"
"485","2.372448","192.168.0.8","73.85.80.81","UDP","58","","54222  >  6881 Len=1472"
"486","2.372536","192.168.0.8","73.85.80.81","IPv4","1490","","Fragmented IP protocol (proto=UDP 17, off=0, ID=7eea) [Reassembled in #487]"
"487","2.372536","192.168.0.8","73.85.80.81","UDP","58","","54222  >  6881 Len=1472"
"488","2.372633","192.168.0.8","73.85.80.81","IPv4","1490","","Fragmented IP protocol (proto=UDP 17, off=0, ID=7eec) [Reassembled in #489]"
"489","2.372633","192.168.0.8","73.85.80.81","UDP","58","","54222  >  6881 Len=1472"
"490","2.372707","73.85.80.81","192.168.0.8","UDP","62","","6881  >  54222 Len=20"
"491","2.372707","73.85.80.81","192.168.0.8","UDP","62","","6881  >  54222 Len=20"
"492","2.372736","73.85.80.81","192.168.0.8","UDP","62","","6881  >  54222 Len=20"
"493","2.372736","73.85.80.81","192.168.0.8","UDP","62","","6881  >  54222 Len=20"
"494","2.372774","192.168.0.8","73.85.80.81","IPv4","1490","","Fragmented IP protocol (proto=UDP 17, off=0, ID=7eee) [Reassembled in #495]"
"495","2.372774","192.168.0.8","73.85.80.81","UDP","58","","54222  >  6881 Len=1472"
"496","2.372821","192.168.0.8","73.85.80.81","IPv4","1490","","Fragmented IP protocol (proto=UDP 17, off=0, ID=7ef0) [Reassembled in #497]"
"497","2.372821","192.168.0.8","73.85.80.81","UDP","58","","54222  >  6881 Len=1472"
"498","2.372859","192.168.0.8","73.85.80.81","IPv4","1490","","Fragmented IP protocol (proto=UDP 17, off=0, ID=7ef2) [Reassembled in #499]"
"499","2.372859","192.168.0.8","73.85.80.81","UDP","58","","54222  >  6881 Len=1472"
"500","2.372942","192.168.0.8","73.85.80.81","IPv4","1490","","Fragmented IP protocol (proto=UDP 17, off=0, ID=7ef4) [Reassembled in #501]"
"501","2.372942","192.168.0.8","73.85.80.81","UDP","58","","54222  >  6881 Len=1472"
"502","2.373001","192.168.0.8","73.85.80.81","IPv4","1490","","Fragmented IP protocol (proto=UDP 17, off=0, ID=7ef6) [Reassembled in #503]"
"503","2.373001","192.168.0.8","73.85.80.81","UDP","58","","54222  >  6881 Len=1472"
"504","2.373050","192.168.0.8","73.85.80.81","IPv4","1490","","Fragmented IP protocol (proto=UDP 17, off=0, ID=7ef8) [Reassembled in #505]"
"505","2.373050","192.168.0.8","73.85.80.81","UDP","58","","54222  >  6881 Len=1472"
"506","2.392407","fe80::b219:21ff:fe74:55c9","ff02::1","ICMPv6","142","","Router Advertisement from b0:19:21:74:55:c9"
"507","2.492086","3.229.131.106","192.168.0.8","TLSv1.2","109","55","Application Data"
"508","2.538429","192.168.0.8","3.229.131.106","TCP","54","0","17710  >  443 [ACK] Seq=416 Ack=5894 Win=65792 Len=0"
"509","2.553956","192.168.0.8","103.107.161.231","TCP","66","0","17707  >  24462 [SYN] Seq=0 Win=64240 Len=0 MSS=1460 WS=256 SACK_PERM"
"510","2.554093","41.182.4.180","192.168.0.8","UDP","62","","31594  >  6881 Len=20"
"511","2.554768","192.168.0.8","41.182.4.180","IPv4","1506","","Fragmented IP protocol (proto=UDP 17, off=0, ID=c038) [Reassembled in #512]"
"512","2.554768","192.168.0.8","41.182.4.180","UDP","42","","6881  >  31594 Len=1472"
"513","2.554814","192.168.0.8","41.182.4.180","IPv4","1506","","Fragmented IP protocol (proto=UDP 17, off=0, ID=c039) [Reassembled in #514]"
"514","2.554814","192.168.0.8","41.182.4.180","UDP","42","","6881  >  31594 Len=1472"
"515","2.584922","192.168.0.8","43.251.177.4","TCP","66","0","17698  >  25319 [SYN] Seq=0 Win=64240 Len=0 MSS=1460 WS=256 SACK_PERM"
"516","2.614809","73.85.80.81","192.168.0.8","UDP","105","","6881  >  54222 Len=63"
"517","2.614809","73.85.80.81","192.168.0.8","UDP","62","","6881  >  54222 Len=20"
"518","2.614809","73.85.80.81","192.168.0.8","UDP","62","","6881  >  54222 Len=20"
"519","2.614809","73.85.80.81","192.168.0.8","UDP","62","","6881  >  54222 Len=20"
"520","2.615046","192.168.0.8","73.85.80.81","IPv4","1490","","Fragmented IP protocol (proto=UDP 17, off=0, ID=7efa) [Reassembled in #521]"
"521","2.615046","192.168.0.8","73.85.80.81","UDP","58","","54222  >  6881 Len=1472"
"522","2.615156","192.168.0.8","73.85.80.81","IPv4","1490","","Fragmented IP protocol (proto=UDP 17, off=0, ID=7efc) [Reassembled in #523]"
"523","2.615156","192.168.0.8","73.85.80.81","UDP","58","","54222  >  6881 Len=1472"
"524","2.615200","192.168.0.8","73.85.80.81","IPv4","1490","","Fragmented IP protocol (proto=UDP 17, off=0, ID=7efe) [Reassembled in #525]"
"525","2.615200","192.168.0.8","73.85.80.81","UDP","58","","54222  >  6881 Len=1472"
"526","2.615240","192.168.0.8","73.85.80.81","IPv4","1490","","Fragmented IP protocol (proto=UDP 17, off=0, ID=7f00) [Reassembled in #527]"
"527","2.615240","192.168.0.8","73.85.80.81","UDP","58","","54222  >  6881 Len=1472"
"528","2.617048","192.168.0.8","199.127.62.226","TCP","66","0","17708  >  888 [SYN] Seq=0 Win=51200 Len=0 MSS=1460 WS=1 SACK_PERM"
"529","2.641876","73.85.80.81","192.168.0.8","UDP","62","","6881  >  54222 Len=20"
"530","2.641876","73.85.80.81","192.168.0.8","UDP","62","","6881  >  54222 Len=20"
"531","2.641876","73.85.80.81","192.168.0.8","UDP","62","","6881  >  54222 Len=20"
"532","2.641876","73.85.80.81","192.168.0.8","UDP","62","","6881  >  54222 Len=20"
"533","2.641876","73.85.80.81","192.168.0.8","UDP","62","","6881  >  54222 Len=20"
"534","2.641876","73.85.80.81","192.168.0.8","UDP","62","","6881  >  54222 Len=20"
"535","2.641876","73.85.80.81","192.168.0.8","UDP","62","","6881  >  54222 Len=20"
"536","2.641876","73.85.80.81","192.168.0.8","UDP","62","","6881  >  54222 Len=20"
"537","2.642073","192.168.0.8","73.85.80.81","IPv4","1490","","Fragmented IP protocol (proto=UDP 17, off=0, ID=7f02) [Reassembled in #538]"
"538","2.642073","192.168.0.8","73.85.80.81","UDP","58","","54222  >  6881 Len=1472"
"539","2.642163","192.168.0.8","73.85.80.81","IPv4","1490","","Fragmented IP protocol (proto=UDP 17, off=0, ID=7f04) [Reassembled in #540]"
"540","2.642163","192.168.0.8","73.85.80.81","UDP","58","","54222  >  6881 Len=1472"
"541","2.642203","192.168.0.8","73.85.80.81","IPv4","1490","","Fragmented IP protocol (proto=UDP 17, off=0, ID=7f06) [Reassembled in #542]"
"542","2.642203","192.168.0.8","73.85.80.81","UDP","58","","54222  >  6881 Len=1472"
"543","2.642241","192.168.0.8","73.85.80.81","IPv4","1490","","Fragmented IP protocol (proto=UDP 17, off=0, ID=7f08) [Reassembled in #544]"
"544","2.642241","192.168.0.8","73.85.80.81","UDP","58","","54222  >  6881 Len=1472"
"545","2.642280","192.168.0.8","73.85.80.81","IPv4","1490","","Fragmented IP protocol (proto=UDP 17, off=0, ID=7f0a) [Reassembled in #546]"
"546","2.642280","192.168.0.8","73.85.80.81","UDP","58","","54222  >  6881 Len=1472"
"547","2.642322","192.168.0.8","73.85.80.81","IPv4","1490","","Fragmented IP protocol (proto=UDP 17, off=0, ID=7f0c) [Reassembled in #548]"
"548","2.642322","192.168.0.8","73.85.80.81","UDP","58","","54222  >  6881 Len=1472"
"549","2.642362","192.168.0.8","73.85.80.81","IPv4","1490","","Fragmented IP protocol (proto=UDP 17, off=0, ID=7f0e) [Reassembled in #550]"
"550","2.642362","192.168.0.8","73.85.80.81","UDP","58","","54222  >  6881 Len=1472"
"551","2.642591","192.168.0.8","73.85.80.81","IPv4","1490","","Fragmented IP protocol (proto=UDP 17, off=0, ID=7f10) [Reassembled in #552]"
"552","2.642591","192.168.0.8","73.85.80.81","UDP","58","","54222  >  6881 Len=1472"
"553","2.642692","192.168.0.8","73.85.80.81","IPv4","1490","","Fragmented IP protocol (proto=UDP 17, off=0, ID=7f12) [Reassembled in #554]"
"554","2.642692","192.168.0.8","73.85.80.81","UDP","58","","54222  >  6881 Len=1472"
"555","2.642750","192.168.0.8","73.85.80.81","IPv4","1490","","Fragmented IP protocol (proto=UDP 17, off=0, ID=7f14) [Reassembled in #556]"
"556","2.642750","192.168.0.8","73.85.80.81","UDP","58","","54222  >  6881 Len=1472"
"557","2.642812","192.168.0.8","73.85.80.81","IPv4","1490","","Fragmented IP protocol (proto=UDP 17, off=0, ID=7f16) [Reassembled in #558]"
"558","2.642812","192.168.0.8","73.85.80.81","UDP","58","","54222  >  6881 Len=1472"
"559","2.643097","192.168.0.8","73.85.80.81","IPv4","1490","","Fragmented IP protocol (proto=UDP 17, off=0, ID=7f18) [Reassembled in #560]"
"560","2.643097","192.168.0.8","73.85.80.81","UDP","58","","54222  >  6881 Len=1472"
"561","2.643155","192.168.0.8","73.85.80.81","IPv4","1490","","Fragmented IP protocol (proto=UDP 17, off=0, ID=7f1a) [Reassembled in #562]"
"562","2.643155","192.168.0.8","73.85.80.81","UDP","58","","54222  >  6881 Len=1472"
"563","2.643208","192.168.0.8","73.85.80.81","IPv4","1490","","Fragmented IP protocol (proto=UDP 17, off=0, ID=7f1c) [Reassembled in #564]"
"564","2.643208","192.168.0.8","73.85.80.81","UDP","58","","54222  >  6881 Len=1472"
"565","2.643258","192.168.0.8","73.85.80.81","IPv4","1490","","Fragmented IP protocol (proto=UDP 17, off=0, ID=7f1e) [Reassembled in #566]"
"566","2.643258","192.168.0.8","73.85.80.81","UDP","58","","54222  >  6881 Len=1472"
"567","2.643308","192.168.0.8","73.85.80.81","IPv4","1490","","Fragmented IP protocol (proto=UDP 17, off=0, ID=7f20) [Reassembled in #568]"
"568","2.643308","192.168.0.8","73.85.80.81","UDP","58","","54222  >  6881 Len=1472"
"569","2.678804","192.168.0.8","89.245.47.79","TCP","66","0","17711  >  55642 [SYN] Seq=0 Win=64240 Len=0 MSS=1460 WS=256 SACK_PERM"
"570","2.857438","89.245.47.79","192.168.0.8","ICMP","70","","Destination unreachable (Communication administratively filtered)"
"571","2.890775","73.85.80.81","192.168.0.8","UDP","96","","6881  >  54222 Len=54"
"572","2.890775","73.85.80.81","192.168.0.8","UDP","62","","6881  >  54222 Len=20"
"573","2.890967","192.168.0.8","73.85.80.81","IPv4","1490","","Fragmented IP protocol (proto=UDP 17, off=0, ID=7f22) [Reassembled in #574]"
"574","2.890967","192.168.0.8","73.85.80.81","UDP","58","","54222  >  6881 Len=1472"
"575","2.891066","192.168.0.8","73.85.80.81","IPv4","1490","","Fragmented IP protocol (proto=UDP 17, off=0, ID=7f24) [Reassembled in #576]"
"576","2.891066","192.168.0.8","73.85.80.81","UDP","58","","54222  >  6881 Len=1472"
"577","2.891365","192.168.0.8","73.85.80.81","IPv4","1490","","Fragmented IP protocol (proto=UDP 17, off=0, ID=7f26) [Reassembled in #578]"
"578","2.891365","192.168.0.8","73.85.80.81","UDP","58","","54222  >  6881 Len=1472"
"579","2.891476","192.168.0.8","73.85.80.81","IPv4","1490","","Fragmented IP protocol (proto=UDP 17, off=0, ID=7f28) [Reassembled in #580]"
"580","2.891476","192.168.0.8","73.85.80.81","UDP","58","","54222  >  6881 Len=1472"
"581","2.926117","73.85.80.81","192.168.0.8","UDP","62","","6881  >  54222 Len=20"
"582","2.926117","73.85.80.81","192.168.0.8","UDP","62","","6881  >  54222 Len=20"
"583","2.926197","73.85.80.81","192.168.0.8","UDP","62","","6881  >  54222 Len=20"
"584","2.926197","73.85.80.81","192.168.0.8","UDP","62","","6881  >  54222 Len=20"
"585","2.926286","192.168.0.8","73.85.80.81","IPv4","1490","","Fragmented IP protocol (proto=UDP 17, off=0, ID=7f2a) [Reassembled in #586]"
"586","2.926286","192.168.0.8","73.85.80.81","UDP","58","","54222  >  6881 Len=1472"
"587","2.926369","192.168.0.8","73.85.80.81","IPv4","1490","","Fragmented IP protocol (proto=UDP 17, off=0, ID=7f2c) [Reassembled in #588]"
"588","2.926369","192.168.0.8","73.85.80.81","UDP","58","","54222  >  6881 Len=1472"
"589","2.926410","192.168.0.8","73.85.80.81","IPv4","1490","","Fragmented IP protocol (proto=UDP 17, off=0, ID=7f2e) [Reassembled in #590]"
"590","2.926410","192.168.0.8","73.85.80.81","UDP","58","","54222  >  6881 Len=1472"
"591","2.926557","192.168.0.8","73.85.80.81","IPv4","1490","","Fragmented IP protocol (proto=UDP 17, off=0, ID=7f30) [Reassembled in #592]"
"592","2.926557","192.168.0.8","73.85.80.81","UDP","58","","54222  >  6881 Len=1472"
"593","2.926658","192.168.0.8","73.85.80.81","IPv4","1490","","Fragmented IP protocol (proto=UDP 17, off=0, ID=7f32) [Reassembled in #594]"
"594","2.926658","192.168.0.8","73.85.80.81","UDP","58","","54222  >  6881 Len=1472"
"595","2.926708","192.168.0.8","73.85.80.81","IPv4","1490","","Fragmented IP protocol (proto=UDP 17, off=0, ID=7f34) [Reassembled in #596]"
"596","2.926708","192.168.0.8","73.85.80.81","UDP","58","","54222  >  6881 Len=1472"
"597","2.926755","192.168.0.8","73.85.80.81","IPv4","1490","","Fragmented IP protocol (proto=UDP 17, off=0, ID=7f36) [Reassembled in #598]"
"598","2.926755","192.168.0.8","73.85.80.81","UDP","58","","54222  >  6881 Len=1472"
"599","2.926812","192.168.0.8","73.85.80.81","IPv4","1490","","Fragmented IP protocol (proto=UDP 17, off=0, ID=7f38) [Reassembled in #600]"
"600","2.926812","192.168.0.8","73.85.80.81","UDP","58","","54222  >  6881 Len=1472"
"601","2.926854","192.168.0.8","73.85.80.81","IPv4","1490","","Fragmented IP protocol (proto=UDP 17, off=0, ID=7f3a) [Reassembled in #602]"
"602","2.926854","192.168.0.8","73.85.80.81","UDP","58","","54222  >  6881 Len=1472"
"603","2.926898","192.168.0.8","73.85.80.81","IPv4","1490","","Fragmented IP protocol (proto=UDP 17, off=0, ID=7f3c) [Reassembled in #604]"
"604","2.926898","192.168.0.8","73.85.80.81","UDP","58","","54222  >  6881 Len=1472"
"605","2.926956","192.168.0.8","73.85.80.81","IPv4","1490","","Fragmented IP protocol (proto=UDP 17, off=0, ID=7f3e) [Reassembled in #606]"
"606","2.926956","192.168.0.8","73.85.80.81","UDP","58","","54222  >  6881 Len=1472"
"607","2.927018","192.168.0.8","73.85.80.81","IPv4","1490","","Fragmented IP protocol (proto=UDP 17, off=0, ID=7f40) [Reassembled in #608]"
"608","2.927018","192.168.0.8","73.85.80.81","UDP","58","","54222  >  6881 Len=1472"
"609","2.941533","73.85.80.81","192.168.0.8","UDP","62","","6881  >  54222 Len=20"
"610","2.941533","73.85.80.81","192.168.0.8","UDP","62","","6881  >  54222 Len=20"
"611","2.941583","73.85.80.81","192.168.0.8","UDP","62","","6881  >  54222 Len=20"
"612","2.941823","192.168.0.8","73.85.80.81","IPv4","1490","","Fragmented IP protocol (proto=UDP 17, off=0, ID=7f42) [Reassembled in #613]"
"613","2.941823","192.168.0.8","73.85.80.81","UDP","58","","54222  >  6881 Len=1472"
"614","2.941906","192.168.0.8","73.85.80.81","IPv4","1490","","Fragmented IP protocol (proto=UDP 17, off=0, ID=7f44) [Reassembled in #615]"
"615","2.941906","192.168.0.8","73.85.80.81","UDP","58","","54222  >  6881 Len=1472"
"616","2.942236","192.168.0.8","73.85.80.81","IPv4","1490","","Fragmented IP protocol (proto=UDP 17, off=0, ID=7f46) [Reassembled in #617]"
"617","2.942236","192.168.0.8","73.85.80.81","UDP","58","","54222  >  6881 Len=1472"
"618","2.942333","192.168.0.8","73.85.80.81","IPv4","1490","","Fragmented IP protocol (proto=UDP 17, off=0, ID=7f48) [Reassembled in #619]"
"619","2.942333","192.168.0.8","73.85.80.81","UDP","58","","54222  >  6881 Len=1472"
"620","2.942391","192.168.0.8","73.85.80.81","IPv4","1490","","Fragmented IP protocol (proto=UDP 17, off=0, ID=7f4a) [Reassembled in #621]"
"621","2.942391","192.168.0.8","73.85.80.81","UDP","58","","54222  >  6881 Len=1472"
"622","2.979106","41.182.4.180","192.168.0.8","UDP","62","","31594  >  6881 Len=20"
"623","2.979211","192.168.0.8","41.182.4.180","UDP","1213","","6881  >  31594 Len=1171"
"624","2.979356","192.168.0.8","41.182.4.180","IPv4","1506","","Fragmented IP protocol (proto=UDP 17, off=0, ID=c03b) [Reassembled in #625]"
"625","2.979356","192.168.0.8","41.182.4.180","UDP","42","","6881  >  31594 Len=1472"
"626","2.979410","192.168.0.8","41.182.4.180","IPv4","1506","","Fragmented IP protocol (proto=UDP 17, off=0, ID=c03c) [Reassembled in #627]"
"627","2.979410","192.168.0.8","41.182.4.180","UDP","42","","6881  >  31594 Len=1472"
"628","2.979577","192.168.0.8","41.182.4.180","IPv4","1506","","Fragmented IP protocol (proto=UDP 17, off=0, ID=c03d) [Reassembled in #629]"
"629","2.979577","192.168.0.8","41.182.4.180","UDP","42","","6881  >  31594 Len=1472"
"630","3.157463","73.85.80.81","192.168.0.8","UDP","105","","6881  >  54222 Len=63"
"631","3.157463","73.85.80.81","192.168.0.8","UDP","65","","6881  >  54222 Len=23"
"632","3.157463","73.85.80.81","192.168.0.8","UDP","65","","6881  >  54222 Len=23"
"633","3.157684","192.168.0.8","73.85.80.81","IPv4","1490","","Fragmented IP protocol (proto=UDP 17, off=0, ID=7f4c) [Reassembled in #634]"
"634","3.157684","192.168.0.8","73.85.80.81","UDP","58","","54222  >  6881 Len=1472"
"635","3.157781","192.168.0.8","73.85.80.81","IPv4","1490","","Fragmented IP protocol (proto=UDP 17, off=0, ID=7f4e) [Reassembled in #636]"
"636","3.157781","192.168.0.8","73.85.80.81","UDP","58","","54222  >  6881 Len=1472"
"637","3.158045","192.168.0.8","73.85.80.81","IPv4","1490","","Fragmented IP protocol (proto=UDP 17, off=0, ID=7f50) [Reassembled in #638]"
"638","3.158045","192.168.0.8","73.85.80.81","UDP","58","","54222  >  6881 Len=1472"
"639","3.196206","73.85.80.81","192.168.0.8","UDP","65","","6881  >  54222 Len=23"
"640","3.196309","192.168.0.8","73.85.80.81","IPv4","1490","","Fragmented IP protocol (proto=UDP 17, off=0, ID=7f51) [Reassembled in #641]"
"641","3.196309","192.168.0.8","73.85.80.81","UDP","58","","54222  >  6881 Len=1472"
"642","3.196496","73.85.80.81","192.168.0.8","UDP","66","","6881  >  54222 Len=24"
"643","3.196496","73.85.80.81","192.168.0.8","UDP","66","","6881  >  54222 Len=24"
"644","3.196533","73.85.80.81","192.168.0.8","UDP","66","","6881  >  54222 Len=24"
"645","3.196533","73.85.80.81","192.168.0.8","UDP","66","","6881  >  54222 Len=24"
"646","3.196533","73.85.80.81","192.168.0.8","UDP","66","","6881  >  54222 Len=24"
"647","3.196592","192.168.0.8","73.85.80.81","IPv4","1490","","Fragmented IP protocol (proto=UDP 17, off=0, ID=7f53) [Reassembled in #648]"
"648","3.196592","192.168.0.8","73.85.80.81","UDP","58","","54222  >  6881 Len=1472"
"649","3.196716","192.168.0.8","73.85.80.81","IPv4","1490","","Fragmented IP protocol (proto=UDP 17, off=0, ID=7f55) [Reassembled in #650]"
"650","3.196716","192.168.0.8","73.85.80.81","UDP","58","","54222  >  6881 Len=1472"
"651","3.196767","192.168.0.8","73.85.80.81","IPv4","1490","","Fragmented IP protocol (proto=UDP 17, off=0, ID=7f57) [Reassembled in #652]"
"652","3.196767","192.168.0.8","73.85.80.81","UDP","58","","54222  >  6881 Len=1472"
"653","3.211961","73.85.80.81","192.168.0.8","UDP","67","","6881  >  54222 Len=25"
"654","3.211961","73.85.80.81","192.168.0.8","UDP","67","","6881  >  54222 Len=25"
"655","3.211961","73.85.80.81","192.168.0.8","UDP","67","","6881  >  54222 Len=25"
"656","3.212082","192.168.0.8","73.85.80.81","IPv4","1490","","Fragmented IP protocol (proto=UDP 17, off=0, ID=7f59) [Reassembled in #657]"
"657","3.212082","192.168.0.8","73.85.80.81","UDP","58","","54222  >  6881 Len=1472"
"658","3.212145","192.168.0.8","73.85.80.81","IPv4","1490","","Fragmented IP protocol (proto=UDP 17, off=0, ID=7f5b) [Reassembled in #659]"
"659","3.212145","192.168.0.8","73.85.80.81","UDP","58","","54222  >  6881 Len=1472"
"660","3.212289","192.168.0.8","73.85.80.81","IPv4","1490","","Fragmented IP protocol (proto=UDP 17, off=0, ID=7f5d) [Reassembled in #661]"
"661","3.212289","192.168.0.8","73.85.80.81","UDP","58","","54222  >  6881 Len=1472"
"662","3.212398","192.168.0.8","73.85.80.81","IPv4","1490","","Fragmented IP protocol (proto=UDP 17, off=0, ID=7f5f) [Reassembled in #663]"
"663","3.212398","192.168.0.8","73.85.80.81","UDP","58","","54222  >  6881 Len=1472"
"664","3.212450","192.168.0.8","73.85.80.81","IPv4","1490","","Fragmented IP protocol (proto=UDP 17, off=0, ID=7f61) [Reassembled in #665]"
"665","3.212450","192.168.0.8","73.85.80.81","UDP","58","","54222  >  6881 Len=1472"
"666","3.421977","73.85.80.81","192.168.0.8","UDP","67","","6881  >  54222 Len=25"
"667","3.422909","192.168.0.8","73.85.80.81","IPv4","1490","","Fragmented IP protocol (proto=UDP 17, off=0, ID=7f63) [Reassembled in #668]"
"668","3.422909","192.168.0.8","73.85.80.81","UDP","58","","54222  >  6881 Len=1472"
"669","3.423026","192.168.0.8","73.85.80.81","IPv4","1490","","Fragmented IP protocol (proto=UDP 17, off=0, ID=7f65) [Reassembled in #670]"
"670","3.423026","192.168.0.8","73.85.80.81","UDP","58","","54222  >  6881 Len=1472"
"671","3.423125","192.168.0.8","73.85.80.81","IPv4","1490","","Fragmented IP protocol (proto=UDP 17, off=0, ID=7f67) [Reassembled in #672]"
"672","3.423125","192.168.0.8","73.85.80.81","UDP","58","","54222  >  6881 Len=1472"
"673","3.484515","73.85.80.81","192.168.0.8","UDP","62","","6881  >  54222 Len=20"
"674","3.484515","73.85.80.81","192.168.0.8","UDP","62","","6881  >  54222 Len=20"
"675","3.484606","73.85.80.81","192.168.0.8","UDP","62","","6881  >  54222 Len=20"
"676","3.484606","73.85.80.81","192.168.0.8","UDP","62","","6881  >  54222 Len=20"
"677","3.484606","73.85.80.81","192.168.0.8","UDP","113","","6881  >  54222 Len=71"
"678","3.484606","73.85.80.81","192.168.0.8","UDP","62","","6881  >  54222 Len=20"
"679","3.484606","73.85.80.81","192.168.0.8","UDP","62","","6881  >  54222 Len=20"
"680","3.485133","192.168.0.8","73.85.80.81","IPv4","1490","","Fragmented IP protocol (proto=UDP 17, off=0, ID=7f69) [Reassembled in #681]"
"681","3.485133","192.168.0.8","73.85.80.81","UDP","58","","54222  >  6881 Len=1472"
"682","3.485212","192.168.0.8","73.85.80.81","IPv4","1490","","Fragmented IP protocol (proto=UDP 17, off=0, ID=7f6b) [Reassembled in #683]"
"683","3.485212","192.168.0.8","73.85.80.81","UDP","58","","54222  >  6881 Len=1472"
"684","3.485249","192.168.0.8","73.85.80.81","IPv4","1490","","Fragmented IP protocol (proto=UDP 17, off=0, ID=7f6d) [Reassembled in #685]"
"685","3.485249","192.168.0.8","73.85.80.81","UDP","58","","54222  >  6881 Len=1472"
"686","3.485289","192.168.0.8","73.85.80.81","IPv4","1490","","Fragmented IP protocol (proto=UDP 17, off=0, ID=7f6f) [Reassembled in #687]"
"687","3.485289","192.168.0.8","73.85.80.81","UDP","58","","54222  >  6881 Len=1472"
"688","3.485325","192.168.0.8","73.85.80.81","IPv4","1490","","Fragmented IP protocol (proto=UDP 17, off=0, ID=7f71) [Reassembled in #689]"
"689","3.485325","192.168.0.8","73.85.80.81","UDP","58","","54222  >  6881 Len=1472"
"690","3.485361","192.168.0.8","73.85.80.81","IPv4","1490","","Fragmented IP protocol (proto=UDP 17, off=0, ID=7f73) [Reassembled in #691]"
"691","3.485361","192.168.0.8","73.85.80.81","UDP","58","","54222  >  6881 Len=1472"
"692","3.485609","192.168.0.8","73.85.80.81","IPv4","1490","","Fragmented IP protocol (proto=UDP 17, off=0, ID=7f75) [Reassembled in #693]"
"693","3.485609","192.168.0.8","73.85.80.81","UDP","58","","54222  >  6881 Len=1472"
"694","3.485699","192.168.0.8","73.85.80.81","IPv4","1490","","Fragmented IP protocol (proto=UDP 17, off=0, ID=7f77) [Reassembled in #695]"
"695","3.485699","192.168.0.8","73.85.80.81","UDP","58","","54222  >  6881 Len=1472"
"696","3.485758","192.168.0.8","73.85.80.81","IPv4","1490","","Fragmented IP protocol (proto=UDP 17, off=0, ID=7f79) [Reassembled in #697]"
"697","3.485758","192.168.0.8","73.85.80.81","UDP","58","","54222  >  6881 Len=1472"
"698","3.485810","192.168.0.8","73.85.80.81","IPv4","1490","","Fragmented IP protocol (proto=UDP 17, off=0, ID=7f7b) [Reassembled in #699]"
"699","3.485810","192.168.0.8","73.85.80.81","UDP","58","","54222  >  6881 Len=1472"
"700","3.499422","192.168.0.8","89.185.82.104","TCP","66","0","17699  >  1583 [SYN] Seq=0 Win=64240 Len=0 MSS=1460 WS=256 SACK_PERM"
"701","3.685477","192.168.0.8","89.245.47.79","TCP","66","0","[TCP Retransmission] 17711  >  55642 [SYN] Seq=0 Win=64240 Len=0 MSS=1460 WS=256 SACK_PERM"
"702","3.700453","73.85.80.81","192.168.0.8","UDP","65","","6881  >  54222 Len=23"
"703","3.700768","192.168.0.8","73.85.80.81","IPv4","1490","","Fragmented IP protocol (proto=UDP 17, off=0, ID=7f7d) [Reassembled in #704]"
"704","3.700768","192.168.0.8","73.85.80.81","UDP","58","","54222  >  6881 Len=1472"
"705","3.700867","192.168.0.8","73.85.80.81","IPv4","1490","","Fragmented IP protocol (proto=UDP 17, off=0, ID=7f7f) [Reassembled in #706]"
"706","3.700867","192.168.0.8","73.85.80.81","UDP","58","","54222  >  6881 Len=1472"
"707","3.701303","192.168.0.8","41.182.4.180","UDP","1213","","6881  >  31594 Len=1171"
"708","3.762137","73.85.80.81","192.168.0.8","UDP","65","","6881  >  54222 Len=23"
"709","3.762137","73.85.80.81","192.168.0.8","UDP","65","","6881  >  54222 Len=23"
"710","3.762137","73.85.80.81","192.168.0.8","UDP","65","","6881  >  54222 Len=23"
"711","3.762137","73.85.80.81","192.168.0.8","UDP","65","","6881  >  54222 Len=23"
"712","3.762137","73.85.80.81","192.168.0.8","UDP","66","","6881  >  54222 Len=24"
"713","3.762507","192.168.0.8","73.85.80.81","IPv4","1490","","Fragmented IP protocol (proto=UDP 17, off=0, ID=7f80) [Reassembled in #714]"
"714","3.762507","192.168.0.8","73.85.80.81","UDP","58","","54222  >  6881 Len=1472"
"715","3.762624","192.168.0.8","73.85.80.81","IPv4","1490","","Fragmented IP protocol (proto=UDP 17, off=0, ID=7f82) [Reassembled in #716]"
"716","3.762624","192.168.0.8","73.85.80.81","UDP","58","","54222  >  6881 Len=1472"
"717","3.762783","192.168.0.8","73.85.80.81","IPv4","1490","","Fragmented IP protocol (proto=UDP 17, off=0, ID=7f84) [Reassembled in #718]"
"718","3.762783","192.168.0.8","73.85.80.81","UDP","58","","54222  >  6881 Len=1472"
"719","3.762847","192.168.0.8","73.85.80.81","IPv4","1490","","Fragmented IP protocol (proto=UDP 17, off=0, ID=7f86) [Reassembled in #720]"
"720","3.762847","192.168.0.8","73.85.80.81","UDP","58","","54222  >  6881 Len=1472"
"721","3.763014","192.168.0.8","73.85.80.81","IPv4","1490","","Fragmented IP protocol (proto=UDP 17, off=0, ID=7f88) [Reassembled in #722]"
"722","3.763014","192.168.0.8","73.85.80.81","UDP","58","","54222  >  6881 Len=1472"
"723","3.763078","192.168.0.8","73.85.80.81","IPv4","1490","","Fragmented IP protocol (proto=UDP 17, off=0, ID=7f8a) [Reassembled in #724]"
"724","3.763078","192.168.0.8","73.85.80.81","UDP","58","","54222  >  6881 Len=1472"
"725","3.865129","89.245.47.79","192.168.0.8","ICMP","70","","Destination unreachable (Communication administratively filtered)"
"726","3.916986","78.145.76.104","192.168.0.8","BT-DHT","146","","Get_peers Info_hash=1643dba3403d46c19c30b3beb26ff9711890ca2b"
"727","3.917276","192.168.0.8","78.145.76.104","BT-DHT","352","","Response Nodes=8"
"728","4.035793","73.85.80.81","192.168.0.8","UDP","66","","6881  >  54222 Len=24"
"729","4.035793","73.85.80.81","192.168.0.8","UDP","66","","6881  >  54222 Len=24"
"730","4.035867","73.85.80.81","192.168.0.8","UDP","62","","6881  >  54222 Len=20"
"731","4.035867","73.85.80.81","192.168.0.8","UDP","62","","6881  >  54222 Len=20"
"732","4.035867","73.85.80.81","192.168.0.8","UDP","96","","6881  >  54222 Len=54"
"733","4.035961","192.168.0.8","73.85.80.81","IPv4","1490","","Fragmented IP protocol (proto=UDP 17, off=0, ID=7f8c) [Reassembled in #734]"
"734","4.035961","192.168.0.8","73.85.80.81","UDP","58","","54222  >  6881 Len=1472"
"735","4.036057","192.168.0.8","73.85.80.81","IPv4","1490","","Fragmented IP protocol (proto=UDP 17, off=0, ID=7f8e) [Reassembled in #736]"
"736","4.036057","192.168.0.8","73.85.80.81","UDP","58","","54222  >  6881 Len=1472"
"737","4.036100","192.168.0.8","73.85.80.81","IPv4","1490","","Fragmented IP protocol (proto=UDP 17, off=0, ID=7f90) [Reassembled in #738]"
"738","4.036100","192.168.0.8","73.85.80.81","UDP","58","","54222  >  6881 Len=1472"
"739","4.036139","192.168.0.8","73.85.80.81","IPv4","1490","","Fragmented IP protocol (proto=UDP 17, off=0, ID=7f92) [Reassembled in #740]"
"740","4.036139","192.168.0.8","73.85.80.81","UDP","58","","54222  >  6881 Len=1472"
"741","4.036363","192.168.0.8","73.85.80.81","IPv4","1490","","Fragmented IP protocol (proto=UDP 17, off=0, ID=7f94) [Reassembled in #742]"
"742","4.036363","192.168.0.8","73.85.80.81","UDP","58","","54222  >  6881 Len=1472"
"743","4.036465","192.168.0.8","73.85.80.81","IPv4","1490","","Fragmented IP protocol (proto=UDP 17, off=0, ID=7f96) [Reassembled in #744]"
"744","4.036465","192.168.0.8","73.85.80.81","UDP","58","","54222  >  6881 Len=1472"
"745","4.036539","192.168.0.8","73.85.80.81","IPv4","1490","","Fragmented IP protocol (proto=UDP 17, off=0, ID=7f98) [Reassembled in #746]"
"746","4.036539","192.168.0.8","73.85.80.81","UDP","58","","54222  >  6881 Len=1472"
"747","4.036605","192.168.0.8","73.85.80.81","IPv4","1490","","Fragmented IP protocol (proto=UDP 17, off=0, ID=7f9a) [Reassembled in #748]"
"748","4.036605","192.168.0.8","73.85.80.81","UDP","58","","54222  >  6881 Len=1472"
"749","4.036672","192.168.0.8","73.85.80.81","IPv4","1490","","Fragmented IP protocol (proto=UDP 17, off=0, ID=7f9c) [Reassembled in #750]"
"750","4.036672","192.168.0.8","73.85.80.81","UDP","58","","54222  >  6881 Len=1472"
"751","4.232914","41.182.4.180","192.168.0.8","UDP","62","","31594  >  6881 Len=20"
"752","4.233032","192.168.0.8","41.182.4.180","IPv4","1506","","Fragmented IP protocol (proto=UDP 17, off=0, ID=c03f) [Reassembled in #753]"
"753","4.233032","192.168.0.8","41.182.4.180","UDP","42","","6881  >  31594 Len=1472"
"754","4.233099","192.168.0.8","41.182.4.180","IPv4","1506","","Fragmented IP protocol (proto=UDP 17, off=0, ID=c040) [Reassembled in #755]"
"755","4.233099","192.168.0.8","41.182.4.180","UDP","42","","6881  >  31594 Len=1472"
"756","4.233669","192.168.0.8","41.182.4.180","IPv4","1506","","Fragmented IP protocol (proto=UDP 17, off=0, ID=c042) [Reassembled in #757]"
"757","4.233669","192.168.0.8","41.182.4.180","UDP","42","","6881  >  31594 Len=1472"
"758","4.233788","192.168.0.8","41.182.4.180","IPv4","1506","","Fragmented IP protocol (proto=UDP 17, off=0, ID=c044) [Reassembled in #759]"
"759","4.233788","192.168.0.8","41.182.4.180","UDP","42","","6881  >  31594 Len=1472"
"760","4.233865","192.168.0.8","41.182.4.180","IPv4","1506","","Fragmented IP protocol (proto=UDP 17, off=0, ID=c046) [Reassembled in #761]"
"761","4.233865","192.168.0.8","41.182.4.180","UDP","42","","6881  >  31594 Len=1472"
"762","4.306013","73.85.80.81","192.168.0.8","UDP","62","","6881  >  54222 Len=20"
"763","4.306013","73.85.80.81","192.168.0.8","UDP","62","","6881  >  54222 Len=20"
"764","4.306093","73.85.80.81","192.168.0.8","UDP","62","","6881  >  54222 Len=20"
"765","4.306093","73.85.80.81","192.168.0.8","UDP","62","","6881  >  54222 Len=20"
"766","4.306093","73.85.80.81","192.168.0.8","UDP","65","","6881  >  54222 Len=23"
"767","4.306093","73.85.80.81","192.168.0.8","UDP","82","","6881  >  54222 Len=40"
"768","4.306093","73.85.80.81","192.168.0.8","UDP","62","","6881  >  54222 Len=20"
"769","4.306171","192.168.0.8","73.85.80.81","IPv4","1490","","Fragmented IP protocol (proto=UDP 17, off=0, ID=7f9e) [Reassembled in #770]"
"770","4.306171","192.168.0.8","73.85.80.81","UDP","58","","54222  >  6881 Len=1472"
"771","4.306245","192.168.0.8","73.85.80.81","IPv4","1490","","Fragmented IP protocol (proto=UDP 17, off=0, ID=7fa0) [Reassembled in #772]"
"772","4.306245","192.168.0.8","73.85.80.81","UDP","58","","54222  >  6881 Len=1472"
"773","4.306274","192.168.0.8","73.85.80.81","IPv4","1490","","Fragmented IP protocol (proto=UDP 17, off=0, ID=7fa2) [Reassembled in #774]"
"774","4.306274","192.168.0.8","73.85.80.81","UDP","58","","54222  >  6881 Len=1472"
"775","4.306303","192.168.0.8","73.85.80.81","IPv4","1490","","Fragmented IP protocol (proto=UDP 17, off=0, ID=7fa4) [Reassembled in #776]"
"776","4.306303","192.168.0.8","73.85.80.81","UDP","58","","54222  >  6881 Len=1472"
"777","4.306333","192.168.0.8","73.85.80.81","IPv4","1490","","Fragmented IP protocol (proto=UDP 17, off=0, ID=7fa6) [Reassembled in #778]"
"778","4.306333","192.168.0.8","73.85.80.81","UDP","58","","54222  >  6881 Len=1472"
"779","4.306361","192.168.0.8","73.85.80.81","IPv4","1490","","Fragmented IP protocol (proto=UDP 17, off=0, ID=7fa8) [Reassembled in #780]"
"780","4.306361","192.168.0.8","73.85.80.81","UDP","58","","54222  >  6881 Len=1472"
"781","4.306617","192.168.0.8","73.85.80.81","IPv4","1490","","Fragmented IP protocol (proto=UDP 17, off=0, ID=7faa) [Reassembled in #782]"
"782","4.306617","192.168.0.8","73.85.80.81","UDP","58","","54222  >  6881 Len=1472"
"783","4.306816","192.168.0.8","73.85.80.81","IPv4","1490","","Fragmented IP protocol (proto=UDP 17, off=0, ID=7fac) [Reassembled in #784]"
"784","4.306816","192.168.0.8","73.85.80.81","UDP","58","","54222  >  6881 Len=1472"
"785","4.306986","192.168.0.8","73.85.80.81","IPv4","1490","","Fragmented IP protocol (proto=UDP 17, off=0, ID=7fae) [Reassembled in #786]"
"786","4.306986","192.168.0.8","73.85.80.81","UDP","58","","54222  >  6881 Len=1472"
"787","4.584516","73.85.80.81","192.168.0.8","UDP","62","","6881  >  54222 Len=20"
"788","4.584516","73.85.80.81","192.168.0.8","UDP","62","","6881  >  54222 Len=20"
"789","4.584592","73.85.80.81","192.168.0.8","UDP","71","","6881  >  54222 Len=29"
"790","4.584592","73.85.80.81","192.168.0.8","UDP","62","","6881  >  54222 Len=20"
"791","4.584592","73.85.80.81","192.168.0.8","UDP","62","","6881  >  54222 Len=20"
"792","4.585988","192.168.0.8","73.85.80.81","IPv4","1490","","Fragmented IP protocol (proto=UDP 17, off=0, ID=7fb0) [Reassembled in #793]"
"793","4.585988","192.168.0.8","73.85.80.81","UDP","58","","54222  >  6881 Len=1472"
"794","4.586079","192.168.0.8","73.85.80.81","IPv4","1490","","Fragmented IP protocol (proto=UDP 17, off=0, ID=7fb2) [Reassembled in #795]"
"795","4.586079","192.168.0.8","73.85.80.81","UDP","58","","54222  >  6881 Len=1472"
"796","4.586116","192.168.0.8","73.85.80.81","IPv4","1490","","Fragmented IP protocol (proto=UDP 17, off=0, ID=7fb4) [Reassembled in #797]"
"797","4.586116","192.168.0.8","73.85.80.81","UDP","58","","54222  >  6881 Len=1472"
"798","4.586158","192.168.0.8","73.85.80.81","IPv4","1490","","Fragmented IP protocol (proto=UDP 17, off=0, ID=7fb6) [Reassembled in #799]"
"799","4.586158","192.168.0.8","73.85.80.81","UDP","58","","54222  >  6881 Len=1472"
"800","4.586350","192.168.0.8","73.85.80.81","IPv4","1490","","Fragmented IP protocol (proto=UDP 17, off=0, ID=7fb8) [Reassembled in #801]"
"801","4.586350","192.168.0.8","73.85.80.81","UDP","58","","54222  >  6881 Len=1472"
"802","4.586439","192.168.0.8","73.85.80.81","IPv4","1490","","Fragmented IP protocol (proto=UDP 17, off=0, ID=7fba) [Reassembled in #803]"
"803","4.586439","192.168.0.8","73.85.80.81","UDP","58","","54222  >  6881 Len=1472"
"804","4.586508","192.168.0.8","73.85.80.81","IPv4","1490","","Fragmented IP protocol (proto=UDP 17, off=0, ID=7fbc) [Reassembled in #805]"
"805","4.586508","192.168.0.8","73.85.80.81","UDP","58","","54222  >  6881 Len=1472"
"806","4.586577","192.168.0.8","73.85.80.81","IPv4","1490","","Fragmented IP protocol (proto=UDP 17, off=0, ID=7fbe) [Reassembled in #807]"
"807","4.586577","192.168.0.8","73.85.80.81","UDP","58","","54222  >  6881 Len=1472"
"808","4.586667","192.168.0.8","73.85.80.81","IPv4","1490","","Fragmented IP protocol (proto=UDP 17, off=0, ID=7fc0) [Reassembled in #809]"
"809","4.586667","192.168.0.8","73.85.80.81","UDP","58","","54222  >  6881 Len=1472"
"810","4.708183","41.182.4.180","192.168.0.8","UDP","68","","31594  >  6881 Len=26"
"811","4.709107","192.168.0.8","41.182.4.180","IPv4","1506","","Fragmented IP protocol (proto=UDP 17, off=0, ID=c048) [Reassembled in #812]"
"812","4.709107","192.168.0.8","41.182.4.180","UDP","42","","6881  >  31594 Len=1472"
"813","4.725901","192.168.0.8","78.148.97.67","UDP","62","","54222  >  28018 Len=20"
"814","4.967595","73.85.80.81","192.168.0.8","UDP","79","","6881  >  54222 Len=37"
"815","4.967595","73.85.80.81","192.168.0.8","UDP","65","","6881  >  54222 Len=23"
"816","4.967682","73.85.80.81","192.168.0.8","UDP","65","","6881  >  54222 Len=23"
"817","4.967682","73.85.80.81","192.168.0.8","UDP","65","","6881  >  54222 Len=23"
"818","4.967785","192.168.0.8","73.85.80.81","IPv4","1490","","Fragmented IP protocol (proto=UDP 17, off=0, ID=7fc1) [Reassembled in #819]"
"819","4.967785","192.168.0.8","73.85.80.81","UDP","58","","54222  >  6881 Len=1472"
"820","4.967887","192.168.0.8","73.85.80.81","IPv4","1490","","Fragmented IP protocol (proto=UDP 17, off=0, ID=7fc3) [Reassembled in #821]"
"821","4.967887","192.168.0.8","73.85.80.81","UDP","58","","54222  >  6881 Len=1472"
"822","4.967939","192.168.0.8","73.85.80.81","IPv4","1490","","Fragmented IP protocol (proto=UDP 17, off=0, ID=7fc5) [Reassembled in #823]"
"823","4.967939","192.168.0.8","73.85.80.81","UDP","58","","54222  >  6881 Len=1472"
"824","4.968190","192.168.0.8","73.85.80.81","IPv4","1490","","Fragmented IP protocol (proto=UDP 17, off=0, ID=7fc7) [Reassembled in #825]"
"825","4.968190","192.168.0.8","73.85.80.81","UDP","58","","54222  >  6881 Len=1472"
"826","4.968265","192.168.0.8","73.85.80.81","IPv4","1490","","Fragmented IP protocol (proto=UDP 17, off=0, ID=7fc9) [Reassembled in #827]"
"827","4.968265","192.168.0.8","73.85.80.81","UDP","58","","54222  >  6881 Len=1472"
"828","4.968318","192.168.0.8","73.85.80.81","IPv4","1490","","Fragmented IP protocol (proto=UDP 17, off=0, ID=7fcb) [Reassembled in #829]"
"829","4.968318","192.168.0.8","73.85.80.81","UDP","58","","54222  >  6881 Len=1472"
"830","5.160875","41.182.4.180","192.168.0.8","UDP","68","","31594  >  6881 Len=26"
"831","5.161109","192.168.0.8","41.182.4.180","IPv4","1506","","Fragmented IP protocol (proto=UDP 17, off=0, ID=c04a) [Reassembled in #832]"
"832","5.161109","192.168.0.8","41.182.4.180","UDP","42","","6881  >  31594 Len=1472"
"833","5.230812","73.85.80.81","192.168.0.8","UDP","71","","6881  >  54222 Len=29"
"834","5.230812","73.85.80.81","192.168.0.8","UDP","62","","6881  >  54222 Len=20"
"835","5.230905","73.85.80.81","192.168.0.8","UDP","62","","6881  >  54222 Len=20"
"836","5.231015","192.168.0.8","73.85.80.81","IPv4","1490","","Fragmented IP protocol (proto=UDP 17, off=0, ID=7fcd) [Reassembled in #837]"
"837","5.231015","192.168.0.8","73.85.80.81","UDP","58","","54222  >  6881 Len=1472"
"838","5.231113","192.168.0.8","73.85.80.81","IPv4","1490","","Fragmented IP protocol (proto=UDP 17, off=0, ID=7fcf) [Reassembled in #839]"
"839","5.231113","192.168.0.8","73.85.80.81","UDP","58","","54222  >  6881 Len=1472"
"840","5.231153","192.168.0.8","73.85.80.81","IPv4","1490","","Fragmented IP protocol (proto=UDP 17, off=0, ID=7fd1) [Reassembled in #841]"
"841","5.231153","192.168.0.8","73.85.80.81","UDP","58","","54222  >  6881 Len=1472"
"842","5.231387","192.168.0.8","73.85.80.81","IPv4","1490","","Fragmented IP protocol (proto=UDP 17, off=0, ID=7fd3) [Reassembled in #843]"
"843","5.231387","192.168.0.8","73.85.80.81","UDP","58","","54222  >  6881 Len=1472"
"844","5.231453","192.168.0.8","73.85.80.81","IPv4","1490","","Fragmented IP protocol (proto=UDP 17, off=0, ID=7fd5) [Reassembled in #845]"
"845","5.231453","192.168.0.8","73.85.80.81","UDP","58","","54222  >  6881 Len=1472"
"846","5.231504","192.168.0.8","73.85.80.81","IPv4","1490","","Fragmented IP protocol (proto=UDP 17, off=0, ID=7fd7) [Reassembled in #847]"
"847","5.231504","192.168.0.8","73.85.80.81","UDP","58","","54222  >  6881 Len=1472"
"848","5.496620","73.85.80.81","192.168.0.8","UDP","62","","6881  >  54222 Len=20"
